freq,siec,partner,unit,geo\TIME_PERIOD	2010 	2011 	2012 	2013 	2014 	2015 	2016 	2017 	2018 	2019 	2020 	2021 	2022 	2023 
A,C0000X0350-0370,THRD,PC,AL	97.88 	99.15 	98.48 	98.95 	100.00 	64.10 	95.90 	38.63 	27.71 	55.39 	49.31 	42.26 	23.84 	28.59 
A,C0000X0350-0370,THRD,PC,AT	23.31 	22.27 	21.47 	15.71 	20.18 	27.71 	27.53 	24.72 	26.85 	28.24 	30.07 	27.99 	32.32 	43.03 
A,C0000X0350-0370,THRD,PC,BE	85.53 	89.02 	85.66 	82.70 	84.45 	86.05 	81.57 	81.08 	86.60 	84.68 	85.92 	80.12 	79.31 	78.24 
A,C0000X0350-0370,THRD,PC,BG	24.20 	24.72 	21.65 	16.79 	14.61 	11.32 	9.42 	9.22 	10.29 	7.64 	9.76 	10.37 	11.87 	8.74 
A,C0000X0350-0370,THRD,PC,CY	65.64 	1.66 	100.00 	100.00 	0.00 	0.00 	0.00 	66.67 	97.54 	100.00 	100.00 	97.60 	74.24 	0.00 
A,C0000X0350-0370,THRD,PC,CZ	1.65 	1.40 	1.74 	1.71 	1.45 	1.52 	1.30 	2.15 	4.18 	4.86 	3.50 	4.67 	4.72 	4.95 
A,C0000X0350-0370,THRD,PC,DE	33.56 	36.31 	35.52 	39.97 	40.60 	41.91 	46.47 	41.61 	39.59 	44.97 	41.99 	45.06 	47.82 	44.85 
A,C0000X0350-0370,THRD,PC,DK	60.69 	97.64 	91.72 	80.15 	91.65 	79.46 	79.24 	98.94 	98.34 	95.79 	69.05 	31.05 	97.83 	99.05 
A,C0000X0350-0370,THRD,PC,EE	100.00 	94.29 	97.56 	91.97 	98.74 	24.14 	85.19 	93.75 	88.00 	96.72 	20.77 	69.03 	100.00 	81.34 
A,C0000X0350-0370,THRD,PC,EL	4.62 	2.88 	2.22 	3.28 	2.93 	2.72 	4.36 	4.73 	5.14 	6.18 	10.06 	9.60 	3.10 	2.40 
A,C0000X0350-0370,THRD,PC,ES	69.74 	69.15 	76.08 	64.79 	75.49 	75.49 	69.86 	82.34 	73.48 	81.27 	51.00 	83.12 	96.10 	78.50 
A,C0000X0350-0370,THRD,PC,FI	78.61 	93.22 	77.33 	80.07 	93.39 	80.79 	84.98 	87.03 	95.17 	93.01 	86.68 	66.40 	90.43 	68.17 
A,C0000X0350-0370,THRD,PC,FR	83.33 	91.31 	88.16 	84.98 	91.94 	90.98 	86.52 	93.47 	94.04 	90.80 	89.46 	61.42 	69.73 	66.66 
A,C0000X0350-0370,THRD,PC,GE	: 	: 	: 	5.35 	14.57 	32.01 	37.77 	54.83 	82.54 	93.68 	74.34 	54.54 	64.39 	: 
A,C0000X0350-0370,THRD,PC,HR	96.55 	93.30 	81.94 	96.07 	87.43 	94.22 	93.68 	90.67 	81.99 	92.74 	70.89 	93.96 	90.04 	68.68 
A,C0000X0350-0370,THRD,PC,HU	27.21 	29.10 	26.39 	28.94 	28.26 	26.14 	21.95 	33.42 	35.77 	34.02 	33.52 	28.87 	27.36 	15.54 
A,C0000X0350-0370,THRD,PC,IE	63.43 	90.55 	81.76 	88.14 	87.93 	92.81 	77.24 	95.89 	94.82 	57.90 	54.40 	97.70 	96.45 	84.06 
A,C0000X0350-0370,THRD,PC,IT	94.34 	93.14 	92.77 	91.41 	89.52 	93.11 	91.12 	95.54 	94.38 	90.90 	85.80 	87.30 	90.42 	91.40 
A,C0000X0350-0370,THRD,PC,LT	90.87 	97.94 	94.98 	99.04 	96.53 	89.77 	90.43 	97.00 	91.34 	93.07 	78.41 	84.35 	94.08 	78.73 
A,C0000X0350-0370,THRD,PC,LU	91.82 	91.07 	89.06 	86.78 	91.97 	90.13 	88.77 	85.60 	89.19 	83.10 	88.92 	88.84 	88.63 	87.36 
A,C0000X0350-0370,THRD,PC,LV	99.45 	93.55 	98.68 	89.45 	74.07 	85.54 	81.86 	87.77 	89.65 	99.75 	88.59 	57.17 	97.37 	84.40 
A,C0000X0350-0370,THRD,PC,MD	48.28 	49.42 	8.12 	0.70 	40.38 	92.97 	70.26 	98.06 	89.26 	83.20 	94.41 	81.43 	98.08 	95.09 
A,C0000X0350-0370,THRD,PC,ME	0.00 	0.00 	0.00 	0.00 	0.00 	0.06 	0.07 	0.00 	0.06 	0.01 	0.02 	0.00 	0.00 	0.00 
A,C0000X0350-0370,THRD,PC,MK	6.66 	6.08 	8.89 	6.46 	9.23 	8.14 	11.44 	8.79 	12.21 	11.30 	9.54 	9.18 	4.32 	2.18 
A,C0000X0350-0370,THRD,PC,MT	0.00 	0.00 	0.00 	0.00 	0.00 	0.00 	0.00 	0.00 	0.00 	0.00 	0.00 	0.00 	0.00 	0.00 
A,C0000X0350-0370,THRD,PC,NL	96.80 	97.35 	97.22 	96.05 	97.70 	95.53 	98.66 	98.66 	98.67 	99.44 	91.60 	98.16 	99.23 	99.07 
A,C0000X0350-0370,THRD,PC,PL	10.14 	10.82 	7.92 	8.12 	8.77 	7.53 	7.62 	12.51 	19.72 	17.95 	15.60 	12.93 	20.86 	20.64 
A,C0000X0350-0370,THRD,PC,PT	97.98 	96.89 	99.75 	95.42 	96.46 	98.18 	99.54 	99.70 	98.55 	99.33 	0.00 	0.00 	0.00 	0.00 
A,C0000X0350-0370,THRD,PC,RO	8.43 	7.97 	9.47 	8.95 	7.41 	7.63 	10.20 	9.42 	8.71 	12.79 	12.75 	16.18 	13.26 	4.79 
A,C0000X0350-0370,THRD,PC,RS	1.72 	1.22 	0.93 	0.39 	1.21 	2.71 	1.18 	0.82 	2.42 	2.77 	2.01 	2.59 	2.46 	6.32 
A,C0000X0350-0370,THRD,PC,SE	82.14 	79.67 	61.96 	66.28 	80.48 	82.97 	82.97 	78.54 	76.76 	78.62 	91.15 	85.04 	86.54 	90.42 
A,C0000X0350-0370,THRD,PC,SI	15.51 	13.08 	16.62 	14.10 	18.24 	16.32 	14.71 	14.70 	16.38 	16.80 	14.81 	8.18 	21.82 	19.75 
A,C0000X0350-0370,THRD,PC,SK	25.10 	32.91 	43.34 	37.44 	44.12 	43.79 	37.79 	45.31 	50.83 	58.86 	54.87 	52.98 	65.17 	61.76 
A,C0000X0350-0370,THRD,PC,XK	1.75 	2.11 	2.61 	0.73 	0.59 	0.31 	0.06 	0.00 	0.05 	0.04 	0.24 	0.50 	0.28 	0.74 
A,CF_R,THRD,PC,AL	0.00 	0.00 	0.00 	0.00 	0.00 	0.00 	30.21 	29.90 	0.00 	0.00 	0.00 	0.00 	45.69 	24.02 
A,CF_R,THRD,PC,AT	0.00 	0.00 	0.00 	0.00 	0.08 	0.00 	0.01 	0.00 	0.06 	0.06 	0.00 	0.00 	0.01 	0.00 
A,CF_R,THRD,PC,BE	0.80 	1.43 	1.15 	1.22 	0.54 	0.67 	4.71 	4.18 	6.38 	8.83 	11.16 	11.71 	14.38 	12.75 
A,CF_R,THRD,PC,BG	0.74 	1.00 	0.56 	0.00 	0.23 	0.22 	0.39 	1.17 	0.97 	0.08 	0.01 	0.04 	0.03 	0.39 
A,CF_R,THRD,PC,CY	21.79 	20.56 	21.28 	21.56 	10.68 	9.05 	10.48 	3.56 	4.16 	0.00 	0.00 	0.00 	0.03 	3.67 
A,CF_R,THRD,PC,CZ	0.00 	0.07 	0.00 	0.01 	0.00 	0.02 	0.00 	0.00 	0.00 	0.00 	0.01 	0.00 	0.00 	0.00 
A,CF_R,THRD,PC,DE	4.65 	5.76 	4.48 	4.36 	4.24 	4.10 	3.65 	3.18 	4.99 	4.69 	8.61 	5.55 	5.96 	6.10 
A,CF_R,THRD,PC,DK	3.50 	7.54 	9.05 	8.77 	9.16 	8.30 	7.35 	7.33 	7.34 	7.29 	8.35 	8.46 	8.69 	7.20 
A,CF_R,THRD,PC,EE	0.00 	0.00 	0.00 	0.00 	0.00 	0.00 	0.00 	0.00 	0.00 	0.00 	0.00 	0.00 	0.00 	0.00 
A,CF_R,THRD,PC,EL	1.48 	0.93 	0.00 	0.01 	0.00 	0.00 	0.00 	0.00 	0.00 	0.00 	0.16 	0.16 	0.00 	0.00 
A,CF_R,THRD,PC,ES	12.25 	18.54 	24.47 	10.25 	9.75 	3.09 	2.26 	3.54 	13.15 	12.70 	8.07 	9.63 	6.73 	6.37 
A,CF_R,THRD,PC,FI	1.47 	1.58 	2.56 	2.27 	4.88 	0.81 	0.82 	0.93 	0.94 	0.96 	1.09 	1.13 	1.28 	1.52 
A,CF_R,THRD,PC,FR	2.70 	3.81 	0.04 	0.03 	0.10 	0.00 	0.00 	0.24 	0.41 	0.40 	0.42 	0.24 	0.68 	0.68 
A,CF_R,THRD,PC,GE	: 	: 	: 	0.00 	0.00 	0.00 	0.00 	0.00 	0.00 	0.00 	0.00 	0.00 	0.00 	: 
A,CF_R,THRD,PC,HR	0.00 	0.01 	0.00 	0.00 	0.00 	0.00 	0.00 	0.00 	0.00 	0.26 	0.07 	0.25 	0.00 	0.00 
A,CF_R,THRD,PC,HU	2.45 	1.97 	0.00 	0.00 	0.00 	0.14 	0.11 	0.72 	0.03 	0.21 	0.79 	0.39 	0.36 	0.23 
A,CF_R,THRD,PC,IE	26.83 	19.00 	18.96 	12.49 	14.59 	10.34 	9.81 	10.91 	7.48 	9.49 	8.85 	8.52 	9.51 	12.73 
A,CF_R,THRD,PC,IT	8.15 	11.37 	9.68 	6.09 	6.77 	6.45 	5.86 	5.36 	5.55 	5.40 	5.02 	4.44 	4.19 	4.52 
A,CF_R,THRD,PC,LT	1.26 	2.92 	0.00 	0.15 	1.30 	0.64 	0.02 	0.00 	0.00 	0.00 	0.00 	0.00 	0.00 	0.07 
A,CF_R,THRD,PC,LU	0.34 	0.17 	0.00 	0.00 	0.00 	0.04 	0.00 	0.00 	0.00 	0.00 	0.00 	0.00 	0.00 	0.00 
A,CF_R,THRD,PC,LV	0.08 	0.25 	0.11 	0.14 	0.21 	0.28 	0.21 	0.12 	0.12 	0.14 	0.00 	0.00 	0.01 	0.00 
A,CF_R,THRD,PC,MD	0.00 	0.00 	0.00 	0.00 	0.00 	0.00 	0.00 	0.00 	0.00 	0.00 	0.00 	0.00 	0.00 	0.00 
A,CF_R,THRD,PC,ME	0.00 	0.00 	0.00 	0.00 	0.00 	0.00 	0.00 	0.00 	0.00 	0.00 	0.00 	0.00 	0.00 	0.00 
A,CF_R,THRD,PC,MK	0.00 	0.00 	0.00 	0.00 	0.00 	0.00 	0.03 	0.06 	0.00 	0.00 	0.00 	0.00 	0.00 	0.00 
A,CF_R,THRD,PC,MT	0.00 	0.00 	0.00 	0.00 	1.78 	2.30 	0.01 	0.13 	0.76 	73.48 	83.45 	61.51 	50.77 	59.66 
A,CF_R,THRD,PC,NL	4.92 	5.82 	4.11 	0.00 	3.46 	4.21 	4.10 	3.93 	4.42 	5.02 	6.24 	4.58 	8.11 	6.38 
A,CF_R,THRD,PC,PL	6.41 	7.14 	1.00 	0.87 	0.72 	0.50 	0.95 	1.36 	0.68 	0.19 	0.33 	0.62 	0.76 	0.33 
A,CF_R,THRD,PC,PT	0.00 	0.00 	0.00 	0.00 	0.00 	0.00 	0.10 	0.02 	0.00 	0.00 	0.00 	0.26 	0.00 	0.24 
A,CF_R,THRD,PC,RO	2.01 	2.66 	0.70 	2.21 	2.28 	0.03 	0.03 	0.11 	0.11 	0.04 	0.12 	0.03 	0.04 	0.12 
A,CF_R,THRD,PC,RS	0.00 	0.00 	0.00 	0.00 	0.00 	0.00 	0.00 	0.00 	0.00 	0.00 	0.00 	0.00 	0.00 	0.00 
A,CF_R,THRD,PC,SE	1.13 	1.22 	0.28 	0.21 	0.42 	0.16 	0.43 	1.61 	0.35 	0.72 	1.02 	0.91 	0.98 	0.59 
A,CF_R,THRD,PC,SI	0.03 	0.70 	0.42 	0.22 	0.00 	0.02 	0.79 	0.20 	0.00 	0.00 	0.00 	0.00 	0.00 	0.00 
A,CF_R,THRD,PC,SK	2.35 	2.20 	0.00 	0.46 	1.32 	0.00 	0.00 	0.20 	0.00 	0.71 	0.03 	0.40 	0.42 	0.45 
A,CF_R,THRD,PC,XK	0.00 	0.05 	0.00 	0.00 	0.00 	0.00 	0.00 	0.00 	0.00 	0.00 	0.00 	0.00 	0.00 	0.00 
A,E7000,THRD,PC,AL	20.62 	43.32 	34.30 	24.66 	40.03 	28.06 	0.00 	38.38 	8.90 	37.17 	33.35 	0.00 	0.00 	0.00 
A,E7000,THRD,PC,AT	0.08 	0.16 	0.17 	0.34 	0.71 	0.35 	0.50 	0.57 	1.51 	1.94 	2.10 	1.28 	1.42 	1.43 
A,E7000,THRD,PC,BE	0.00 	0.00 	0.00 	0.00 	0.00 	0.00 	0.00 	0.00 	0.00 	0.08 	0.36 	0.07 	1.51 	0.69 
A,E7000,THRD,PC,BG	0.12 	0.01 	0.03 	0.80 	0.14 	0.19 	0.38 	0.20 	0.22 	0.45 	0.92 	0.49 	0.31 	1.08 
A,E7000,THRD,PC,CY	0.00 	0.00 	0.00 	0.00 	0.00 	0.00 	0.00 	0.00 	0.00 	0.00 	0.00 	0.00 	0.00 	0.00 
A,E7000,THRD,PC,CZ	1.37 	2.12 	0.98 	1.83 	0.00 	0.00 	0.00 	0.00 	0.00 	0.00 	0.00 	0.00 	0.00 	0.00 
A,E7000,THRD,PC,DE	0.58 	0.72 	0.82 	1.88 	2.55 	2.42 	1.73 	2.23 	2.26 	2.31 	3.60 	4.53 	6.02 	8.14 
A,E7000,THRD,PC,DK	7.16 	15.33 	19.15 	10.04 	14.28 	19.83 	21.52 	15.96 	14.73 	9.09 	19.88 	18.43 	10.79 	11.31 
A,E7000,THRD,PC,EE	0.00 	0.00 	0.00 	0.00 	0.00 	0.00 	0.00 	0.00 	0.00 	0.00 	0.00 	0.00 	0.00 	0.00 
A,E7000,THRD,PC,EL	22.86 	22.54 	17.61 	11.02 	18.95 	20.35 	19.09 	17.34 	18.49 	17.15 	15.25 	13.43 	12.26 	12.62 
A,E7000,THRD,PC,ES	0.01 	0.01 	0.00 	0.00 	0.00 	0.00 	0.00 	0.00 	0.06 	0.37 	0.12 	0.21 	0.13 	0.13 
A,E7000,THRD,PC,FI	12.36 	11.20 	4.37 	4.80 	3.30 	3.79 	5.61 	5.39 	7.08 	6.68 	2.76 	7.58 	3.20 	0.26 
A,E7000,THRD,PC,FR	0.66 	0.23 	0.33 	0.28 	0.21 	0.32 	0.48 	0.64 	0.32 	0.39 	0.42 	0.37 	1.53 	0.49 
A,E7000,THRD,PC,GE	: 	: 	: 	5.42 	9.09 	7.46 	12.19 	15.51 	12.90 	15.99 	16.67 	23.31 	29.73 	: 
A,E7000,THRD,PC,HR	30.45 	24.01 	13.18 	27.76 	13.70 	26.91 	29.28 	19.50 	34.89 	16.20 	12.01 	26.09 	24.93 	21.43 
A,E7000,THRD,PC,HU	4.50 	6.42 	6.23 	9.04 	8.69 	8.82 	7.81 	6.92 	9.16 	6.25 	4.17 	6.35 	5.45 	5.06 
A,E7000,THRD,PC,IE	16.92 	11.81 	13.08 	32.03 	31.09 	18.08 	10.47 	11.19 	13.81 	15.57 	11.51 	17.33 	10.60 	20.17 
A,E7000,THRD,PC,IT	14.03 	14.73 	14.13 	12.04 	11.87 	13.09 	10.90 	9.88 	9.71 	9.72 	9.16 	9.83 	10.71 	10.38 
A,E7000,THRD,PC,LT	42.94 	43.04 	39.38 	36.05 	41.86 	35.98 	27.49 	25.01 	27.39 	31.41 	27.53 	31.51 	24.72 	13.15 
A,E7000,THRD,PC,LU	0.00 	0.00 	0.00 	0.00 	0.00 	0.00 	0.00 	0.00 	0.00 	0.00 	0.00 	0.00 	0.00 	0.00 
A,E7000,THRD,PC,LV	13.84 	13.41 	14.62 	17.20 	17.26 	18.27 	14.77 	11.08 	15.54 	15.90 	11.10 	9.60 	10.84 	7.24 
A,E7000,THRD,PC,MD	96.66 	76.97 	73.44 	55.54 	76.72 	97.89 	98.58 	65.67 	71.26 	79.10 	92.36 	91.60 	67.83 	79.53 
A,E7000,THRD,PC,ME	0.00 	0.00 	0.00 	0.00 	0.00 	0.00 	0.00 	0.00 	7.09 	0.00 	0.00 	0.00 	0.00 	0.00 
A,E7000,THRD,PC,MK	35.65 	63.60 	70.20 	59.64 	69.15 	56.09 	51.10 	63.66 	53.78 	0.00 	0.00 	0.00 	0.00 	0.00 
A,E7000,THRD,PC,MT	0.00 	0.00 	0.00 	0.00 	0.00 	0.00 	0.00 	0.00 	0.00 	0.00 	0.00 	0.00 	0.00 	0.00 
A,E7000,THRD,PC,NL	4.21 	10.58 	11.90 	8.83 	10.42 	10.57 	8.75 	10.36 	7.18 	5.45 	8.07 	5.07 	4.98 	4.92 
A,E7000,THRD,PC,PL	0.00 	0.44 	5.56 	5.65 	2.65 	0.22 	3.01 	2.61 	4.33 	3.44 	3.26 	1.90 	0.00 	0.50 
A,E7000,THRD,PC,PT	0.00 	0.00 	0.00 	0.00 	0.00 	0.00 	0.00 	0.00 	0.00 	0.00 	0.00 	0.00 	0.00 	0.00 
A,E7000,THRD,PC,RO	1.22 	1.22 	2.20 	1.43 	1.04 	0.96 	2.06 	1.97 	1.30 	3.51 	5.57 	2.71 	1.48 	3.83 
A,E7000,THRD,PC,RS	1.49 	1.34 	0.84 	4.10 	0.91 	1.66 	3.42 	1.92 	3.29 	1.51 	1.47 	1.73 	2.39 	1.56 
A,E7000,THRD,PC,SE	1.14 	2.17 	3.36 	2.41 	3.33 	2.42 	3.11 	3.00 	2.68 	1.71 	3.54 	2.12 	1.77 	1.63 
A,E7000,THRD,PC,SI	0.00 	0.00 	0.00 	0.00 	0.00 	0.00 	0.00 	0.00 	0.00 	0.00 	0.00 	0.00 	0.00 	0.00 
A,E7000,THRD,PC,SK	0.50 	0.29 	0.09 	0.27 	0.10 	0.10 	0.10 	0.01 	0.28 	0.05 	0.14 	0.39 	0.17 	0.89 
A,E7000,THRD,PC,XK	83.68 	0.00 	0.00 	94.56 	86.17 	82.59 	69.07 	87.09 	72.78 	74.46 	72.41 	0.00 	0.00 	0.00 
A,G3000,THRD,PC,AL	0.00 	0.00 	0.00 	0.00 	0.00 	0.00 	0.00 	0.00 	0.00 	0.00 	0.00 	0.00 	0.00 	0.00 
A,G3000,THRD,PC,AT	75.28 	85.31 	81.21 	74.71 	85.42 	72.60 	85.89 	87.06 	88.16 	92.45 	73.38 	51.02 	95.06 	92.66 
A,G3000,THRD,PC,BE	72.58 	66.40 	56.38 	47.84 	52.46 	60.16 	52.08 	75.98 	81.20 	83.70 	84.89 	83.59 	84.33 	83.40 
A,G3000,THRD,PC,BG	92.64 	86.09 	83.34 	90.49 	93.31 	96.75 	96.46 	97.62 	98.62 	78.37 	73.18 	84.66 	72.57 	82.43 
A,G3000,THRD,PC,CY	0.00 	0.00 	0.00 	0.00 	0.00 	0.00 	0.00 	0.00 	0.00 	0.00 	0.00 	0.00 	0.00 	0.00 
A,G3000,THRD,PC,CZ	85.08 	97.58 	89.00 	97.13 	96.27 	95.09 	95.71 	97.49 	96.84 	97.85 	86.04 	92.13 	97.50 	97.74 
A,G3000,THRD,PC,DE	65.00 	65.03 	62.25 	61.19 	63.05 	62.27 	91.03 	93.64 	93.73 	94.54 	78.76 	90.69 	95.14 	49.94 
A,G3000,THRD,PC,DK	0.00 	6.35 	9.64 	5.89 	8.93 	10.18 	9.13 	7.79 	6.42 	3.44 	0.05 	0.05 	18.36 	81.91 
A,G3000,THRD,PC,EE	100.00 	100.00 	100.00 	100.00 	100.00 	100.00 	100.00 	98.47 	99.77 	99.03 	46.04 	11.47 	0.00 	0.00 
A,G3000,THRD,PC,EL	99.77 	99.04 	97.63 	99.54 	97.09 	99.82 	99.22 	99.79 	99.70 	95.66 	96.69 	99.41 	99.31 	96.79 
A,G3000,THRD,PC,ES	98.78 	97.96 	94.55 	94.23 	95.26 	93.95 	96.77 	95.63 	96.57 	91.95 	90.98 	93.97 	94.59 	92.95 
A,G3000,THRD,PC,FI	100.00 	100.00 	100.00 	100.00 	100.00 	100.00 	100.00 	98.89 	99.12 	99.24 	67.70 	74.78 	50.19 	90.78 
A,G3000,THRD,PC,FR	79.43 	78.86 	77.91 	78.35 	78.25 	77.12 	80.44 	82.73 	84.96 	87.99 	84.29 	85.41 	93.35 	89.10 
A,G3000,THRD,PC,GE	: 	: 	: 	99.73 	99.55 	99.56 	99.72 	99.65 	99.58 	99.64 	99.67 	99.43 	99.57 	: 
A,G3000,THRD,PC,HR	27.53 	0.00 	0.00 	5.53 	0.00 	0.00 	0.00 	0.05 	0.03 	0.05 	0.00 	48.99 	67.08 	69.84 
A,G3000,THRD,PC,HU	73.38 	66.64 	74.39 	75.91 	83.80 	71.42 	78.88 	85.35 	77.94 	88.01 	75.62 	67.21 	86.90 	75.14 
A,G3000,THRD,PC,IE	95.03 	95.27 	95.21 	95.74 	96.24 	96.33 	40.03 	32.68 	38.78 	52.99 	63.58 	71.26 	73.93 	77.46 
A,G3000,THRD,PC,IT	79.48 	76.10 	78.00 	79.13 	73.13 	77.21 	83.74 	90.33 	90.40 	91.01 	90.58 	93.30 	94.11 	90.21 
A,G3000,THRD,PC,LT	99.71 	100.00 	100.00 	100.00 	100.00 	99.72 	100.00 	99.38 	99.00 	99.97 	99.12 	100.00 	100.00 	94.62 
A,G3000,THRD,PC,LU	86.40 	86.40 	86.40 	100.00 	100.00 	100.00 	100.00 	76.24 	69.68 	47.68 	57.98 	70.18 	61.15 	37.06 
A,G3000,THRD,PC,LV	61.78 	100.00 	100.00 	100.00 	72.12 	98.57 	82.89 	100.00 	98.83 	100.00 	100.00 	99.97 	22.51 	0.00 
A,G3000,THRD,PC,MD	99.84 	99.99 	99.99 	99.80 	99.99 	99.75 	99.89 	99.84 	99.99 	99.84 	99.71 	98.60 	89.51 	10.04 
A,G3000,THRD,PC,ME	0.00 	0.00 	0.00 	0.00 	0.00 	0.00 	0.00 	0.00 	0.00 	0.00 	0.00 	0.00 	0.00 	0.00 
A,G3000,THRD,PC,MK	100.00 	100.00 	100.00 	100.00 	99.86 	100.00 	100.00 	100.00 	100.00 	99.96 	99.99 	99.97 	100.00 	99.97 
A,G3000,THRD,PC,MT	0.00 	0.00 	0.00 	0.00 	0.00 	0.00 	0.00 	97.19 	100.00 	100.00 	96.17 	100.00 	100.00 	93.34 
A,G3000,THRD,PC,NL	20.68 	20.26 	21.94 	21.05 	26.29 	39.17 	41.13 	29.47 	42.77 	48.07 	53.45 	46.88 	60.56 	69.00 
A,G3000,THRD,PC,PL	62.19 	61.14 	57.46 	56.19 	55.14 	53.25 	63.44 	60.45 	61.93 	60.58 	61.34 	65.87 	47.93 	73.41 
A,G3000,THRD,PC,PT	100.00 	100.00 	99.73 	100.00 	100.00 	100.00 	98.57 	100.00 	100.00 	98.47 	99.28 	100.00 	98.21 	97.53 
A,G3000,THRD,PC,RO	16.47 	19.04 	17.91 	10.85 	4.44 	1.63 	12.89 	9.79 	10.60 	7.63 	7.88 	21.11 	3.32 	0.83 
A,G3000,THRD,PC,RS	74.98 	63.95 	42.01 	78.04 	69.02 	75.25 	75.58 	81.69 	82.11 	83.76 	79.64 	78.65 	90.06 	89.41 
A,G3000,THRD,PC,SE	0.00 	0.46 	0.00 	0.00 	0.00 	0.00 	0.00 	18.39 	13.91 	14.63 	24.09 	14.96 	16.91 	18.71 
A,G3000,THRD,PC,SI	79.44 	70.83 	57.86 	57.78 	37.84 	30.88 	37.77 	24.76 	31.90 	11.68 	8.64 	14.62 	12.33 	28.14 
A,G3000,THRD,PC,SK	98.27 	97.93 	89.90 	95.35 	97.92 	95.05 	92.85 	97.40 	89.56 	98.19 	88.05 	75.19 	99.12 	98.91 
A,G3000,THRD,PC,XK	0.00 	0.00 	0.00 	0.00 	0.00 	0.00 	0.00 	0.00 	0.00 	0.00 	0.00 	0.00 	0.00 	0.00 
A,O4000XBIO,THRD,PC,AL	59.57 	45.46 	15.57 	56.03 	52.60 	48.98 	53.66 	54.12 	23.59 	27.80 	21.80 	31.70 	40.03 	42.10 
A,O4000XBIO,THRD,PC,AT	45.08 	51.99 	53.59 	53.70 	54.33 	55.08 	50.08 	50.09 	55.39 	56.06 	54.44 	53.02 	40.16 	56.11 
A,O4000XBIO,THRD,PC,BE	70.73 	67.60 	72.84 	67.73 	71.36 	70.86 	71.49 	72.40 	71.51 	74.30 	73.25 	67.83 	68.10 	68.70 
A,O4000XBIO,THRD,PC,BG	83.44 	87.24 	85.45 	85.51 	84.55 	84.05 	86.13 	87.00 	85.75 	86.78 	82.84 	81.79 	90.85 	88.13 
A,O4000XBIO,THRD,PC,CY	52.86 	53.93 	51.39 	50.12 	36.11 	37.56 	33.34 	36.79 	38.72 	38.66 	29.19 	33.84 	44.38 	31.11 
A,O4000XBIO,THRD,PC,CZ	71.65 	66.01 	68.38 	64.59 	67.26 	64.19 	51.66 	65.53 	63.01 	65.72 	59.45 	59.91 	64.72 	64.34 
A,O4000XBIO,THRD,PC,DE	72.92 	73.74 	74.70 	73.45 	74.80 	75.03 	74.47 	73.50 	71.31 	72.05 	76.03 	74.38 	76.77 	70.47 
A,O4000XBIO,THRD,PC,DK	28.48 	34.01 	34.75 	43.55 	42.89 	50.16 	47.23 	44.60 	47.76 	55.91 	57.31 	52.65 	49.83 	52.12 
A,O4000XBIO,THRD,PC,EE	32.50 	15.96 	48.20 	25.93 	24.47 	28.06 	28.77 	33.06 	41.83 	38.83 	41.54 	39.99 	29.00 	18.25 
A,O4000XBIO,THRD,PC,EL	88.33 	83.46 	89.27 	86.18 	89.62 	90.91 	90.05 	89.73 	90.89 	88.99 	91.94 	91.05 	93.39 	91.71 
A,O4000XBIO,THRD,PC,ES	85.55 	85.55 	86.06 	85.08 	88.31 	90.94 	87.27 	86.45 	87.66 	88.93 	87.72 	85.74 	88.17 	87.19 
A,O4000XBIO,THRD,PC,FI	86.32 	92.64 	90.20 	84.34 	82.45 	81.22 	83.13 	81.13 	82.79 	81.59 	81.60 	77.40 	81.34 	74.36 
A,O4000XBIO,THRD,PC,FR	85.10 	85.18 	82.13 	82.86 	82.39 	82.35 	80.97 	82.25 	82.53 	81.51 	76.32 	75.65 	81.52 	78.86 
A,O4000XBIO,THRD,PC,GE	: 	: 	: 	51.08 	47.12 	54.89 	53.82 	62.17 	62.57 	64.17 	68.96 	65.95 	69.57 	: 
A,O4000XBIO,THRD,PC,HR	64.65 	52.38 	57.17 	61.51 	51.88 	52.40 	55.42 	52.09 	56.36 	42.65 	47.84 	57.88 	56.39 	57.51 
A,O4000XBIO,THRD,PC,HU	73.11 	75.12 	72.57 	73.50 	71.25 	67.88 	64.48 	59.56 	64.08 	61.62 	58.35 	56.61 	60.42 	57.23 
A,O4000XBIO,THRD,PC,IE	90.10 	96.60 	96.48 	88.46 	89.68 	88.90 	85.22 	84.37 	85.20 	86.35 	87.21 	79.81 	89.03 	76.67 
A,O4000XBIO,THRD,PC,IT	91.62 	89.30 	89.33 	86.41 	86.19 	87.92 	87.37 	87.28 	86.64 	88.45 	85.21 	84.52 	89.00 	87.72 
A,O4000XBIO,THRD,PC,LT	94.36 	91.80 	89.33 	90.92 	90.54 	90.15 	91.57 	92.47 	92.69 	93.25 	93.17 	93.20 	89.75 	91.66 
A,O4000XBIO,THRD,PC,LU	0.02 	0.01 	0.01 	0.00 	0.00 	0.07 	0.26 	0.74 	0.03 	0.64 	3.03 	0.05 	0.05 	0.12 
A,O4000XBIO,THRD,PC,LV	54.58 	45.21 	37.86 	34.37 	32.54 	39.51 	42.94 	40.41 	39.91 	37.74 	28.67 	26.77 	25.97 	28.92 
A,O4000XBIO,THRD,PC,MD	38.70 	51.79 	52.20 	42.92 	29.03 	28.41 	27.29 	22.44 	24.27 	16.88 	25.21 	31.40 	28.69 	44.17 
A,O4000XBIO,THRD,PC,ME	11.41 	2.34 	1.90 	1.06 	5.67 	6.22 	4.79 	0.27 	1.04 	2.58 	2.33 	12.92 	2.08 	0.34 
A,O4000XBIO,THRD,PC,MK	97.67 	97.02 	36.21 	19.94 	17.57 	18.12 	11.63 	7.09 	10.37 	11.37 	18.56 	15.56 	10.80 	7.14 
A,O4000XBIO,THRD,PC,MT	65.79 	66.81 	21.44 	38.82 	61.43 	34.91 	30.04 	59.54 	8.11 	29.46 	50.47 	38.86 	48.84 	46.83 
A,O4000XBIO,THRD,PC,NL	70.23 	68.59 	69.61 	69.59 	69.25 	70.41 	71.37 	69.87 	72.47 	70.77 	68.87 	63.38 	59.08 	59.71 
A,O4000XBIO,THRD,PC,PL	84.36 	84.82 	88.52 	86.86 	86.92 	87.74 	85.03 	84.70 	86.52 	87.45 	87.51 	83.85 	82.03 	73.02 
A,O4000XBIO,THRD,PC,PT	83.90 	84.03 	84.35 	84.07 	83.87 	86.95 	85.90 	86.42 	85.14 	78.51 	80.52 	76.81 	77.54 	79.89 
A,O4000XBIO,THRD,PC,RO	54.45 	53.56 	54.11 	53.35 	61.12 	61.52 	64.10 	65.36 	66.68 	68.44 	63.78 	65.11 	69.99 	64.13 
A,O4000XBIO,THRD,PC,RS	49.97 	42.25 	38.36 	47.20 	47.00 	51.61 	55.44 	58.23 	63.03 	57.04 	61.11 	59.30 	68.42 	66.56 
A,O4000XBIO,THRD,PC,SE	74.19 	73.69 	70.65 	71.30 	74.68 	73.65 	72.28 	71.16 	78.51 	79.92 	84.58 	74.78 	85.77 	82.94 
A,O4000XBIO,THRD,PC,SI	18.96 	19.72 	54.36 	48.42 	20.82 	15.32 	22.92 	21.80 	30.19 	29.68 	26.91 	28.72 	41.42 	39.56 
A,O4000XBIO,THRD,PC,SK	80.63 	83.95 	82.11 	81.75 	81.07 	80.54 	79.56 	74.74 	76.98 	75.72 	80.16 	76.56 	78.64 	79.44 
A,O4000XBIO,THRD,PC,XK	97.71 	23.77 	13.07 	13.29 	24.96 	22.41 	18.89 	10.55 	21.28 	33.20 	35.04 	32.38 	49.13 	49.98 
A,SFF_OTH,THRD,PC,AL	0.00 	0.00 	0.00 	0.00 	0.00 	0.00 	0.00 	0.00 	0.00 	0.00 	0.00 	0.00 	0.00 	0.00 
A,SFF_OTH,THRD,PC,AT	0.00 	0.00 	0.00 	0.00 	0.00 	0.00 	0.00 	0.00 	0.00 	0.00 	0.00 	0.00 	0.00 	0.00 
A,SFF_OTH,THRD,PC,BE	0.00 	0.00 	0.00 	0.00 	0.00 	0.00 	0.00 	0.00 	0.00 	0.00 	0.00 	0.00 	0.00 	0.00 
A,SFF_OTH,THRD,PC,BG	0.00 	0.00 	0.00 	0.00 	0.00 	0.00 	0.00 	0.00 	0.00 	0.00 	0.00 	0.00 	0.00 	0.00 
A,SFF_OTH,THRD,PC,CY	0.00 	0.00 	0.00 	0.00 	0.00 	0.00 	0.00 	0.00 	0.00 	0.00 	0.00 	0.00 	0.00 	0.00 
A,SFF_OTH,THRD,PC,CZ	0.00 	0.00 	0.00 	0.00 	0.00 	0.00 	0.00 	0.00 	0.00 	0.00 	0.00 	0.00 	0.00 	0.00 
A,SFF_OTH,THRD,PC,DE	0.00 	0.00 	0.00 	0.00 	0.00 	0.00 	0.00 	0.00 	0.00 	0.00 	0.00 	0.00 	0.00 	0.00 
A,SFF_OTH,THRD,PC,DK	0.00 	0.00 	0.00 	0.00 	0.00 	0.00 	0.00 	0.00 	0.00 	0.00 	0.00 	0.00 	0.00 	0.00 
A,SFF_OTH,THRD,PC,EE	0.00 	0.00 	0.00 	0.00 	0.00 	0.00 	0.00 	0.00 	0.00 	0.00 	0.00 	0.00 	0.00 	0.00 
A,SFF_OTH,THRD,PC,EL	0.00 	0.00 	0.00 	0.00 	0.00 	0.00 	0.00 	0.00 	0.00 	0.00 	0.00 	0.00 	0.00 	0.00 
A,SFF_OTH,THRD,PC,ES	0.00 	0.00 	0.00 	0.00 	0.00 	0.00 	0.00 	0.00 	0.00 	0.00 	0.00 	0.00 	0.00 	0.00 
A,SFF_OTH,THRD,PC,FI	0.06 	0.03 	0.34 	0.12 	0.28 	0.23 	0.29 	0.23 	0.36 	0.51 	0.43 	0.40 	0.56 	0.00 
A,SFF_OTH,THRD,PC,FR	0.00 	0.00 	0.00 	0.00 	0.00 	0.00 	0.00 	0.00 	0.00 	0.00 	0.00 	0.00 	0.00 	0.00 
A,SFF_OTH,THRD,PC,GE	: 	: 	: 	0.00 	0.00 	0.00 	0.00 	0.00 	0.00 	0.00 	0.00 	0.00 	0.00 	: 
A,SFF_OTH,THRD,PC,HR	0.00 	0.00 	0.00 	0.00 	0.00 	0.00 	0.00 	0.00 	0.00 	0.00 	0.00 	0.00 	0.00 	0.00 
A,SFF_OTH,THRD,PC,HU	0.00 	0.00 	0.00 	0.00 	0.00 	0.00 	0.00 	0.00 	0.00 	0.00 	0.00 	0.00 	0.19 	0.00 
A,SFF_OTH,THRD,PC,IE	0.00 	0.00 	0.00 	0.00 	0.00 	0.00 	0.00 	0.00 	0.00 	0.00 	0.00 	0.00 	0.00 	0.00 
A,SFF_OTH,THRD,PC,IT	0.00 	0.00 	0.00 	0.00 	0.00 	0.00 	0.00 	0.00 	0.00 	0.00 	0.00 	0.00 	0.00 	0.00 
A,SFF_OTH,THRD,PC,LT	60.21 	58.83 	56.40 	35.61 	22.63 	19.43 	19.39 	19.12 	24.81 	22.45 	11.68 	9.63 	10.95 	6.13 
A,SFF_OTH,THRD,PC,LU	0.00 	0.00 	0.00 	0.00 	0.00 	0.00 	0.00 	0.00 	0.00 	0.00 	0.00 	0.00 	0.00 	0.00 
A,SFF_OTH,THRD,PC,LV	0.00 	0.00 	0.00 	0.00 	0.00 	0.00 	0.00 	0.00 	0.00 	0.00 	0.00 	0.00 	0.00 	0.00 
A,SFF_OTH,THRD,PC,MD	0.00 	0.00 	0.00 	0.00 	0.00 	0.00 	0.00 	0.00 	0.00 	0.00 	0.00 	0.00 	0.00 	0.00 
A,SFF_OTH,THRD,PC,ME	0.00 	0.00 	0.00 	0.00 	0.00 	0.00 	0.00 	0.00 	0.00 	0.00 	0.00 	0.00 	0.00 	0.00 
A,SFF_OTH,THRD,PC,MK	0.00 	0.00 	0.00 	0.00 	0.00 	0.00 	0.00 	0.00 	0.00 	0.00 	0.00 	0.00 	0.00 	0.00 
A,SFF_OTH,THRD,PC,MT	0.00 	0.00 	0.00 	0.00 	0.00 	0.00 	0.00 	0.00 	0.00 	0.00 	0.00 	0.00 	0.00 	0.00 
A,SFF_OTH,THRD,PC,NL	0.00 	0.00 	0.00 	0.00 	0.00 	0.00 	0.00 	0.00 	0.00 	0.00 	0.00 	0.00 	0.00 	0.00 
A,SFF_OTH,THRD,PC,PL	0.00 	0.00 	0.00 	0.00 	0.00 	0.00 	0.00 	0.00 	0.00 	0.00 	0.00 	0.00 	0.00 	0.00 
A,SFF_OTH,THRD,PC,PT	0.00 	0.00 	0.00 	0.00 	0.00 	0.00 	0.00 	0.00 	0.00 	0.00 	0.00 	0.00 	0.00 	0.00 
A,SFF_OTH,THRD,PC,RO	0.00 	22.49 	0.00 	0.00 	0.53 	0.00 	0.23 	0.96 	0.42 	0.48 	0.32 	0.62 	0.49 	0.22 
A,SFF_OTH,THRD,PC,RS	0.00 	0.00 	0.00 	0.00 	0.00 	0.00 	0.00 	0.00 	0.00 	0.00 	0.00 	0.00 	0.00 	0.00 
A,SFF_OTH,THRD,PC,SE	1.30 	0.89 	1.25 	1.28 	0.97 	0.92 	0.74 	0.88 	1.12 	0.44 	0.02 	0.02 	0.02 	0.02 
A,SFF_OTH,THRD,PC,SI	0.00 	0.00 	0.00 	0.00 	0.00 	0.00 	0.00 	0.00 	0.00 	0.00 	0.00 	0.00 	0.00 	0.00 
A,SFF_OTH,THRD,PC,SK	0.00 	0.00 	0.00 	0.00 	0.00 	0.00 	0.00 	0.00 	0.00 	0.00 	0.00 	0.00 	0.00 	0.00 
A,SFF_OTH,THRD,PC,XK	0.00 	0.00 	0.00 	0.00 	0.00 	0.00 	0.00 	0.00 	0.00 	0.00 	0.00 	0.00 	0.00 	0.00 
A,TOTAL,THRD,PC,AL	45.91 	44.19 	20.54 	47.00 	47.90 	41.47 	41.11 	48.44 	18.12 	28.00 	23.72 	20.02 	27.83 	26.18 
A,TOTAL,THRD,PC,AT	35.51 	41.85 	38.14 	35.80 	38.89 	36.71 	37.44 	38.26 	40.49 	45.17 	37.23 	31.78 	40.70 	40.10 
A,TOTAL,THRD,PC,BE	60.10 	56.46 	58.08 	53.33 	57.91 	59.77 	56.17 	61.13 	63.64 	64.24 	63.83 	57.95 	59.80 	60.77 
A,TOTAL,THRD,PC,BG	46.15 	45.18 	45.11 	46.26 	43.31 	43.96 	45.92 	46.82 	43.76 	43.39 	38.90 	37.64 	42.78 	44.24 
A,TOTAL,THRD,PC,CY	51.45 	51.85 	49.38 	47.84 	34.28 	35.39 	31.49 	34.55 	35.95 	35.62 	26.37 	30.67 	39.62 	27.27 
A,TOTAL,THRD,PC,CZ	28.17 	28.30 	26.59 	27.41 	27.20 	27.23 	25.05 	30.52 	29.79 	32.80 	28.51 	30.08 	31.34 	31.00 
A,TOTAL,THRD,PC,DE	48.70 	49.97 	49.55 	49.92 	50.66 	51.15 	59.34 	59.80 	55.88 	58.02 	55.17 	57.44 	60.91 	48.22 
A,TOTAL,THRD,PC,DK	22.93 	31.94 	30.54 	35.61 	36.32 	39.44 	36.80 	34.51 	35.45 	38.82 	37.85 	32.00 	34.83 	48.63 
A,TOTAL,THRD,PC,EE	13.98 	10.48 	21.42 	13.04 	11.81 	11.67 	11.63 	12.48 	15.19 	14.61 	14.14 	11.10 	6.51 	3.78 
A,TOTAL,THRD,PC,EL	68.46 	64.41 	68.12 	67.64 	71.01 	73.08 	77.13 	76.22 	77.18 	76.82 	80.91 	81.00 	82.16 	80.65 
A,TOTAL,THRD,PC,ES	70.34 	71.00 	70.17 	67.40 	70.05 	71.67 	68.85 	70.05 	70.09 	70.06 	65.47 	66.65 	69.72 	66.48 
A,TOTAL,THRD,PC,FI	52.80 	57.07 	50.73 	50.15 	48.98 	45.53 	47.87 	45.63 	46.44 	45.23 	42.41 	36.50 	40.41 	34.58 
A,TOTAL,THRD,PC,FR	46.16 	46.37 	44.39 	44.00 	42.49 	42.51 	42.97 	44.90 	43.75 	44.40 	40.21 	38.90 	48.04 	42.20 
A,TOTAL,THRD,PC,GE	: 	: 	: 	52.64 	55.16 	60.88 	59.10 	63.66 	65.49 	69.89 	71.33 	68.33 	72.32 	: 
A,TOTAL,THRD,PC,HR	45.74 	33.04 	31.51 	37.96 	29.67 	33.14 	35.09 	31.05 	35.67 	26.37 	25.77 	43.07 	47.80 	48.64 
A,TOTAL,THRD,PC,HU	51.23 	48.72 	48.33 	49.88 	52.16 	46.74 	46.96 	49.45 	49.28 	52.89 	45.11 	42.36 	49.02 	43.52 
A,TOTAL,THRD,PC,IE	84.06 	86.68 	84.07 	78.46 	80.48 	80.86 	63.60 	62.96 	62.42 	64.42 	67.86 	69.90 	74.61 	66.60 
A,TOTAL,THRD,PC,IT	77.85 	76.23 	75.46 	72.62 	69.18 	72.03 	73.39 	75.17 	74.24 	74.59 	71.89 	72.58 	76.05 	72.80 
A,TOTAL,THRD,PC,LT	84.86 	83.59 	80.99 	81.29 	79.81 	79.31 	78.68 	78.18 	77.65 	78.95 	76.59 	75.39 	75.57 	75.01 
A,TOTAL,THRD,PC,LU	22.23 	19.69 	20.31 	20.67 	20.22 	18.65 	17.55 	13.10 	11.08 	8.24 	11.53 	11.69 	9.11 	5.39 
A,TOTAL,THRD,PC,LV	37.15 	41.76 	37.26 	36.85 	26.72 	34.24 	33.19 	31.94 	31.77 	29.91 	23.79 	23.18 	12.64 	10.65 
A,TOTAL,THRD,PC,MD	58.24 	59.33 	56.08 	48.82 	48.67 	51.70 	49.36 	44.31 	45.05 	44.29 	49.17 	51.42 	44.81 	34.68 
A,TOTAL,THRD,PC,ME	3.06 	0.61 	0.50 	0.28 	1.60 	1.81 	1.56 	0.10 	1.88 	0.90 	0.51 	3.39 	0.54 	0.08 
A,TOTAL,THRD,PC,MK	48.41 	49.60 	28.05 	21.45 	22.96 	22.00 	21.44 	20.47 	22.56 	14.63 	18.11 	18.66 	12.37 	12.00 
A,TOTAL,THRD,PC,MT	65.70 	66.57 	21.46 	38.60 	61.14 	33.59 	28.43 	60.46 	16.65 	35.66 	54.39 	45.10 	52.60 	50.34 
A,TOTAL,THRD,PC,NL	52.79 	52.36 	53.07 	51.80 	54.97 	60.83 	61.74 	59.62 	63.97 	63.32 	62.49 	57.26 	56.93 	58.51 
A,TOTAL,THRD,PC,PL	34.71 	35.72 	34.30 	33.12 	34.17 	35.19 	35.99 	39.21 	42.69 	42.44 	41.81 	39.76 	40.94 	42.84 
A,TOTAL,THRD,PC,PT	68.56 	69.67 	71.40 	69.91 	66.44 	71.93 	70.51 	73.75 	69.85 	65.05 	60.93 	58.90 	60.16 	57.27 
A,TOTAL,THRD,PC,RO	23.98 	24.07 	23.85 	22.42 	24.28 	23.87 	28.97 	28.75 	29.73 	30.44 	28.48 	31.75 	30.39 	27.17 
A,TOTAL,THRD,PC,RS	22.65 	18.26 	14.84 	21.66 	21.29 	23.46 	24.36 	26.59 	29.42 	27.90 	26.38 	28.59 	34.58 	33.66 
A,TOTAL,THRD,PC,SE	36.43 	35.39 	32.48 	30.97 	34.20 	33.94 	35.11 	34.40 	36.55 	33.32 	37.75 	33.98 	37.53 	36.58 
A,TOTAL,THRD,PC,SI	17.38 	15.83 	29.42 	25.99 	13.75 	11.09 	15.46 	13.84 	18.68 	17.15 	14.38 	14.67 	23.35 	22.92 
A,TOTAL,THRD,PC,SK	51.39 	53.30 	50.24 	51.44 	51.12 	50.37 	49.07 	49.93 	50.64 	54.14 	50.45 	48.03 	54.45 	52.47 
A,TOTAL,THRD,PC,XK	25.06 	6.64 	4.44 	11.72 	10.16 	8.41 	6.32 	6.96 	8.66 	12.18 	12.48 	9.03 	13.09 	15.62 
