freq,nrg_bal,unit,geo\TIME_PERIOD	1990 	1991 	1992 	1993 	1994 	1995 	1996 	1997 	1998 	1999 	2000 	2001 	2002 	2003 	2004 	2005 	2006 	2007 	2008 	2009 	2010 	2011 	2012 	2013 	2014 	2015 	2016 	2017 	2018 	2019 	2020 	2021 	2022 	2023 	2024 
A,EI_GDP_CLV05,KGOE_TEUR,AL	: 	: 	: 	: 	: 	342.67 	341.35 	327.08 	331.43 	404.99 	379.47 	357.74 	377.99 	350.76 	364.79 	347.58 	318.24 	282.96 	273.91 	268.89 	257.00 	261.47 	232.30 	271.22 	265.38 	242.45 	243.86 	245.80 	234.91 	228.99 	220.18 	: 	: 	: 	: 
A,EI_GDP_CLV05,KGOE_TEUR,AT	: 	: 	: 	: 	: 	136.60 	142.27 	138.27 	135.93 	130.79 	126.48 	131.68 	130.51 	135.82 	134.20 	136.32 	133.20 	126.16 	125.35 	123.43 	129.42 	122.08 	120.96 	122.68 	117.49 	118.81 	117.96 	117.41 	111.94 	112.45 	111.49 	112.40 	102.24 	100.81 	100.69 
A,EI_GDP_CLV05,KGOE_TEUR,BA	: 	: 	: 	: 	: 	: 	: 	: 	: 	: 	: 	: 	: 	: 	: 	: 	: 	: 	: 	: 	: 	: 	: 	: 	557.38 	550.39 	583.46 	564.07 	601.49 	565.23 	572.96 	553.48 	526.43 	: 	: 
A,EI_GDP_CLV05,KGOE_TEUR,BE	: 	: 	: 	: 	: 	237.34 	248.48 	242.74 	243.92 	233.40 	230.04 	225.33 	219.68 	228.25 	222.37 	215.84 	210.36 	202.81 	208.44 	195.91 	204.64 	186.41 	177.19 	183.26 	169.62 	168.57 	176.78 	176.36 	173.29 	169.99 	160.54 	167.70 	150.14 	138.16 	138.89 
A,EI_GDP_CLV05,KGOE_TEUR,BG	: 	: 	: 	: 	: 	1165.54 	1094.66 	1145.84 	1061.69 	1051.71 	1026.04 	1032.96 	953.01 	930.11 	849.81 	840.01 	810.00 	745.08 	693.61 	632.87 	631.43 	661.87 	629.12 	588.57 	609.52 	616.16 	585.42 	589.77 	574.15 	547.47 	536.53 	541.55 	527.41 	459.45 	442.90 
A,EI_GDP_CLV05,KGOE_TEUR,CY	: 	: 	: 	: 	: 	202.93 	220.37 	210.94 	211.90 	207.82 	211.83 	205.68 	195.63 	205.32 	179.01 	188.53 	186.74 	183.57 	184.99 	182.26 	171.30 	168.57 	164.12 	156.73 	161.96 	160.70 	163.15 	158.57 	153.21 	144.76 	131.80 	123.10 	122.12 	117.25 	101.40 
A,EI_GDP_CLV05,KGOE_TEUR,CZ	: 	: 	: 	: 	: 	495.96 	489.39 	496.52 	482.75 	444.60 	449.63 	448.24 	447.55 	452.44 	443.01 	412.38 	395.53 	374.15 	357.90 	353.12 	364.84 	343.91 	343.60 	345.36 	326.64 	311.50 	300.83 	298.41 	291.37 	276.80 	274.50 	279.63 	266.30 	244.49 	238.28 
A,EI_GDP_CLV05,KGOE_TEUR,DE	: 	180.13 	173.21 	173.56 	168.46 	167.74 	171.51 	167.15 	162.72 	155.97 	152.54 	154.40 	151.40 	152.67 	152.02 	150.05 	148.87 	137.81 	138.27 	136.90 	138.27 	126.41 	126.86 	129.04 	120.90 	119.54 	117.79 	115.09 	111.09 	107.57 	103.75 	103.88 	97.23 	88.70 	87.76 
A,EI_GDP_CLV05,KGOE_TEUR,DK	123.76 	133.30 	125.83 	131.98 	130.68 	126.31 	136.91 	123.33 	119.14 	111.12 	104.41 	105.29 	102.36 	107.61 	101.20 	96.51 	100.43 	97.63 	94.89 	94.24 	97.75 	90.16 	85.76 	85.56 	80.81 	78.94 	78.22 	75.84 	74.82 	72.02 	67.16 	66.25 	64.46 	63.24 	63.11 
A,EI_GDP_CLV05,KGOE_TEUR,EE	: 	: 	: 	: 	: 	974.44 	968.51 	829.80 	734.87 	699.78 	604.46 	601.66 	526.98 	525.06 	535.12 	494.82 	454.34 	493.99 	459.63 	428.99 	552.37 	497.69 	458.01 	498.85 	452.56 	386.81 	459.74 	431.17 	401.76 	327.93 	317.14 	300.25 	319.70 	285.83 	304.45 
A,EI_GDP_CLV05,KGOE_TEUR,EL	: 	: 	: 	: 	: 	199.50 	198.53 	198.22 	203.05 	196.75 	199.86 	195.65 	187.54 	182.00 	175.58 	174.19 	165.37 	160.23 	160.72 	159.99 	159.96 	173.11 	183.99 	167.07 	163.67 	164.12 	161.02 	165.90 	159.45 	156.19 	145.64 	141.61 	136.96 	129.61 	134.74 
A,EI_GDP_CLV05,KGOE_TEUR,ES	: 	: 	: 	: 	: 	163.03 	159.08 	164.54 	165.65 	165.74 	164.44 	163.08 	163.15 	163.89 	166.03 	164.19 	158.35 	155.38 	149.34 	143.35 	142.76 	143.24 	146.78 	138.61 	134.52 	133.71 	130.95 	132.79 	129.80 	124.29 	123.05 	122.42 	117.92 	111.97 	111.01 
A,EI_GDP_CLV05,KGOE_TEUR,EU27_2020	: 	: 	: 	: 	: 	193.87 	196.90 	190.94 	186.63 	179.52 	174.39 	175.12 	173.67 	176.38 	174.48 	171.98 	167.81 	160.91 	159.48 	156.50 	159.31 	151.85 	150.90 	149.26 	141.86 	140.47 	139.16 	138.20 	134.66 	130.14 	126.57 	126.14 	116.31 	111.30 	110.01 
A,EI_GDP_CLV05,KGOE_TEUR,FI	253.67 	272.78 	267.07 	281.68 	287.97 	262.18 	272.19 	265.83 	255.22 	244.37 	231.13 	230.23 	238.54 	246.24 	238.76 	214.70 	224.82 	209.98 	200.08 	202.64 	214.62 	201.86 	197.27 	196.07 	201.05 	191.49 	193.44 	189.77 	190.93 	184.69 	177.83 	181.49 	173.99 	178.81 	174.07 
A,EI_GDP_CLV05,KGOE_TEUR,FR	175.79 	183.33 	177.72 	181.19 	170.32 	173.39 	180.70 	171.15 	170.49 	164.94 	160.03 	161.95 	160.59 	162.95 	161.11 	158.74 	152.39 	147.32 	147.40 	145.81 	147.32 	141.33 	141.20 	140.73 	134.00 	134.61 	131.29 	128.61 	126.05 	122.25 	117.17 	118.34 	104.82 	106.92 	104.72 
A,EI_GDP_CLV05,KGOE_TEUR,HR	: 	: 	: 	: 	: 	306.35 	312.94 	300.88 	298.87 	308.81 	288.45 	291.10 	281.54 	285.42 	274.20 	267.43 	253.09 	250.43 	239.75 	247.71 	248.64 	243.83 	234.50 	230.26 	220.64 	224.95 	219.32 	219.89 	209.07 	205.52 	211.66 	196.84 	179.43 	179.79 	175.43 
A,EI_GDP_CLV05,KGOE_TEUR,HU	: 	: 	: 	: 	: 	408.93 	419.69 	399.77 	379.88 	365.99 	343.84 	338.12 	322.69 	316.98 	303.00 	313.30 	298.17 	290.82 	283.51 	289.12 	294.39 	283.10 	272.72 	258.10 	246.38 	251.45 	248.55 	249.34 	236.53 	225.10 	230.33 	224.97 	203.41 	193.29 	192.71 
A,EI_GDP_CLV05,KGOE_TEUR,IE	: 	: 	: 	: 	: 	130.67 	131.88 	127.29 	123.66 	116.21 	110.64 	110.75 	106.16 	98.81 	94.63 	91.45 	87.71 	86.18 	89.12 	89.60 	87.61 	79.32 	80.59 	74.94 	68.96 	58.56 	61.03 	54.97 	51.33 	49.04 	42.21 	37.61 	35.82 	36.09 	35.69 
A,EI_GDP_CLV05,KGOE_TEUR,IS	: 	: 	: 	: 	: 	276.80 	284.95 	267.09 	267.98 	288.73 	308.10 	284.53 	292.01 	286.18 	264.63 	253.47 	293.45 	318.45 	358.56 	398.91 	390.48 	410.64 	397.11 	394.52 	387.86 	358.06 	325.27 	332.03 	348.66 	330.11 	334.03 	324.44 	: 	: 	: 
A,EI_GDP_CLV05,KGOE_TEUR,IT	: 	: 	: 	: 	: 	126.87 	124.86 	124.34 	125.77 	125.15 	123.00 	120.89 	121.51 	127.41 	126.47 	127.87 	124.69 	122.72 	122.38 	120.54 	122.04 	117.07 	116.13 	113.79 	107.54 	110.72 	108.58 	110.50 	108.17 	106.61 	106.59 	106.28 	97.16 	92.03 	90.66 
A,EI_GDP_CLV05,KGOE_TEUR,LT	: 	: 	: 	: 	: 	772.19 	790.25 	687.08 	669.18 	579.85 	511.10 	548.14 	549.54 	518.18 	493.21 	434.79 	399.73 	388.32 	378.38 	410.00 	328.70 	320.53 	309.22 	280.01 	268.62 	268.20 	270.51 	270.63 	263.37 	250.43 	244.62 	239.39 	209.23 	208.65 	212.19 
A,EI_GDP_CLV05,KGOE_TEUR,LU	: 	: 	: 	: 	: 	168.95 	169.70 	158.99 	145.68 	141.91 	140.83 	144.12 	145.55 	149.48 	159.27 	158.58 	147.16 	133.55 	134.07 	130.49 	133.69 	130.19 	125.02 	117.90 	111.76 	108.15 	103.32 	105.39 	107.89 	105.96 	92.96 	92.50 	84.60 	80.93 	81.17 
A,EI_GDP_CLV05,KGOE_TEUR,LV	: 	: 	: 	: 	: 	706.56 	677.30 	601.37 	544.69 	486.57 	441.57 	464.64 	429.90 	418.67 	395.67 	366.61 	332.49 	307.33 	307.77 	357.87 	379.05 	346.11 	335.64 	323.78 	315.66 	300.90 	298.01 	294.60 	283.62 	288.05 	275.93 	270.43 	248.36 	247.41 	244.93 
A,EI_GDP_CLV05,KGOE_TEUR,MK	: 	: 	: 	: 	: 	: 	: 	: 	: 	: 	591.17 	587.90 	569.30 	606.81 	574.34 	580.86 	560.51 	550.38 	510.38 	475.90 	470.92 	498.63 	481.99 	433.72 	407.20 	385.39 	380.99 	384.94 	350.98 	372.95 	355.10 	350.20 	350.84 	: 	: 
A,EI_GDP_CLV05,KGOE_TEUR,MT	: 	: 	: 	: 	: 	: 	: 	: 	: 	: 	312.11 	346.06 	328.72 	368.46 	385.32 	310.52 	321.60 	326.34 	327.78 	356.81 	395.76 	372.69 	341.52 	306.84 	291.54 	288.44 	298.38 	316.39 	304.60 	303.17 	292.51 	239.84 	259.72 	246.30 	221.00 
A,EI_GDP_CLV05,KGOE_TEUR,NL	: 	: 	: 	: 	: 	207.10 	210.08 	198.64 	191.32 	181.11 	176.66 	178.60 	179.61 	183.12 	183.45 	179.56 	174.10 	167.78 	162.21 	162.63 	168.66 	158.21 	158.02 	154.40 	144.85 	142.64 	141.82 	139.60 	133.66 	128.37 	127.66 	122.86 	107.58 	104.41 	105.16 
A,EI_GDP_CLV05,KGOE_TEUR,NO	137.47 	136.18 	134.04 	138.44 	130.07 	126.58 	118.28 	119.31 	121.28 	124.19 	118.05 	123.03 	111.92 	119.14 	121.35 	121.78 	119.42 	109.70 	119.96 	120.02 	126.63 	109.68 	113.68 	117.87 	106.10 	93.93 	102.22 	105.23 	104.76 	98.69 	97.58 	97.30 	84.99 	: 	: 
A,EI_GDP_CLV05,KGOE_TEUR,PL	: 	: 	: 	: 	: 	606.75 	595.59 	552.59 	492.82 	459.07 	420.10 	417.85 	405.37 	401.83 	383.66 	376.28 	373.11 	347.96 	337.28 	315.16 	329.13 	312.75 	296.29 	296.39 	274.60 	265.97 	270.78 	269.60 	265.18 	244.60 	242.44 	241.39 	218.51 	204.79 	198.46 
A,EI_GDP_CLV05,KGOE_TEUR,PT	: 	: 	: 	: 	: 	170.65 	163.56 	164.79 	169.00 	176.14 	171.50 	168.13 	173.65 	171.38 	174.21 	176.69 	166.02 	161.60 	157.62 	159.81 	152.11 	151.57 	149.12 	151.09 	151.80 	155.25 	152.54 	154.55 	146.72 	142.89 	138.31 	131.71 	129.13 	121.96 	117.79 
A,EI_GDP_CLV05,KGOE_TEUR,RO	: 	: 	: 	: 	: 	768.22 	757.68 	747.60 	698.99 	619.20 	610.39 	583.84 	572.14 	582.51 	519.82 	488.32 	468.52 	434.10 	395.64 	367.23 	384.50 	375.73 	360.86 	328.09 	312.71 	305.55 	296.21 	288.71 	274.32 	260.96 	262.76 	264.75 	234.47 	222.92 	219.96 
A,EI_GDP_CLV05,KGOE_TEUR,RS	: 	: 	: 	: 	: 	946.64 	1070.77 	1057.21 	1019.09 	816.09 	832.73 	849.37 	852.38 	858.45 	858.26 	721.11 	729.59 	666.81 	641.48 	595.26 	605.58 	620.77 	559.38 	556.29 	505.70 	550.91 	555.38 	554.88 	523.67 	498.32 	520.38 	491.51 	484.83 	: 	: 
A,EI_GDP_CLV05,KGOE_TEUR,SE	: 	: 	: 	219.65 	226.26 	219.92 	221.29 	210.49 	206.08 	194.27 	175.98 	184.11 	183.10 	177.34 	177.88 	169.16 	158.13 	152.40 	152.97 	145.21 	153.35 	149.05 	149.21 	145.00 	140.48 	128.81 	131.92 	133.41 	131.59 	125.61 	117.14 	116.92 	111.28 	109.27 	108.95 
A,EI_GDP_CLV05,KGOE_TEUR,SI	: 	: 	: 	: 	: 	304.70 	308.51 	304.93 	290.32 	275.27 	270.02 	279.14 	270.79 	266.63 	262.10 	262.30 	246.30 	233.30 	238.35 	226.40 	229.48 	227.97 	226.40 	222.77 	209.46 	203.29 	205.49 	201.93 	193.77 	183.27 	177.94 	168.59 	157.83 	147.05 	150.10 
A,EI_GDP_CLV05,KGOE_TEUR,SK	: 	: 	: 	: 	: 	668.16 	640.17 	607.47 	567.25 	572.74 	571.47 	579.26 	559.10 	530.38 	495.51 	476.53 	433.78 	374.87 	365.93 	353.91 	365.92 	345.87 	329.79 	330.34 	297.28 	295.25 	292.25 	298.78 	281.51 	267.14 	265.02 	271.37 	252.21 	244.20 	229.22 
A,EI_GDP_CLV05,KGOE_TEUR,TR	: 	: 	: 	: 	: 	: 	: 	: 	231.47 	236.02 	243.22 	236.68 	236.29 	236.68 	222.65 	212.86 	218.64 	224.41 	217.98 	228.69 	223.05 	214.33 	213.73 	191.78 	196.09 	199.66 	203.85 	204.16 	195.24 	196.23 	189.55 	185.84 	183.82 	: 	: 
A,EI_GDP_CLV05,KGOE_TEUR,UK	154.47 	160.93 	160.31 	158.05 	156.67 	151.09 	153.84 	143.01 	139.82 	135.67 	131.94 	128.91 	124.30 	122.57 	118.90 	116.27 	111.69 	105.58 	104.76 	101.24 	103.25 	94.90 	95.30 	91.76 	84.35 	83.80 	81.33 	78.94 	77.86 	75.38 	: 	: 	: 	: 	: 
A,EI_GDP_CLV10,KGOE_TEUR,AL	: 	: 	: 	: 	: 	318.97 	317.73 	304.46 	308.51 	376.97 	353.22 	332.99 	351.84 	326.50 	339.56 	323.54 	296.23 	263.39 	254.96 	250.29 	239.22 	243.38 	216.23 	252.46 	247.02 	225.67 	226.99 	228.80 	218.66 	213.15 	204.95 	: 	: 	: 	: 
A,EI_GDP_CLV10,KGOE_TEUR,AT	: 	: 	: 	: 	: 	125.11 	130.30 	126.64 	124.50 	119.79 	115.84 	120.60 	119.54 	124.40 	122.92 	124.86 	122.00 	115.55 	114.80 	113.05 	118.53 	111.81 	110.79 	112.36 	107.61 	108.82 	108.04 	107.54 	102.53 	103.00 	102.12 	102.95 	93.64 	92.33 	92.23 
A,EI_GDP_CLV10,KGOE_TEUR,BA	: 	: 	: 	: 	: 	: 	: 	: 	: 	: 	: 	: 	: 	: 	: 	: 	: 	: 	: 	: 	: 	: 	: 	: 	446.48 	440.88 	467.38 	451.84 	481.82 	452.77 	458.96 	443.36 	421.69 	: 	: 
A,EI_GDP_CLV10,KGOE_TEUR,BE	: 	: 	: 	: 	: 	217.98 	228.20 	222.94 	224.02 	214.36 	211.27 	206.94 	201.75 	209.63 	204.23 	198.23 	193.19 	186.26 	191.44 	179.92 	187.94 	171.20 	162.73 	168.31 	155.78 	154.82 	162.36 	161.97 	159.15 	156.12 	147.44 	154.01 	137.89 	126.88 	127.56 
A,EI_GDP_CLV10,KGOE_TEUR,BG	: 	: 	: 	: 	: 	868.34 	815.53 	853.66 	790.97 	783.53 	764.41 	769.57 	710.00 	692.94 	633.11 	625.82 	603.45 	555.09 	516.74 	471.49 	470.42 	493.10 	468.70 	438.49 	454.10 	459.04 	436.15 	439.38 	427.75 	407.87 	399.72 	403.46 	392.93 	342.29 	329.96 
A,EI_GDP_CLV10,KGOE_TEUR,CY	: 	: 	: 	: 	: 	179.27 	194.68 	186.35 	187.20 	183.60 	187.14 	181.70 	172.83 	181.39 	158.15 	166.55 	164.98 	162.18 	163.42 	161.02 	151.34 	148.92 	144.99 	138.46 	143.08 	141.97 	144.14 	140.09 	135.35 	127.88 	116.44 	108.75 	107.88 	103.59 	89.58 
A,EI_GDP_CLV10,KGOE_TEUR,CZ	: 	: 	: 	: 	: 	387.48 	382.35 	387.92 	377.16 	347.35 	351.28 	350.20 	349.65 	353.48 	346.11 	322.18 	309.01 	292.31 	279.62 	275.88 	285.04 	268.69 	268.44 	269.82 	255.19 	243.36 	235.03 	233.14 	227.64 	216.25 	214.46 	218.47 	208.05 	191.01 	186.16 
A,EI_GDP_CLV10,KGOE_TEUR,DE	: 	169.87 	163.35 	163.68 	158.87 	158.19 	161.74 	157.64 	153.46 	147.09 	143.86 	145.61 	142.79 	143.98 	143.37 	141.51 	140.40 	129.97 	130.40 	129.11 	130.40 	119.21 	119.64 	121.69 	114.02 	112.73 	111.08 	108.54 	104.77 	101.44 	97.85 	97.96 	91.69 	83.65 	82.77 
A,EI_GDP_CLV10,KGOE_TEUR,DK	109.33 	117.75 	111.16 	116.59 	115.44 	111.58 	120.95 	108.95 	105.25 	98.16 	92.24 	93.02 	90.42 	95.06 	89.40 	85.26 	88.72 	86.25 	83.83 	83.25 	86.35 	79.65 	75.76 	75.59 	71.39 	69.73 	69.10 	67.00 	66.09 	63.62 	59.33 	58.52 	56.94 	55.87 	55.75 
A,EI_GDP_CLV10,KGOE_TEUR,EE	: 	: 	: 	: 	: 	734.75 	730.28 	625.69 	554.12 	527.65 	455.78 	453.67 	397.36 	395.91 	403.50 	373.10 	342.58 	372.48 	346.58 	323.47 	416.50 	375.27 	345.35 	376.14 	341.24 	291.67 	346.66 	325.12 	302.94 	247.27 	239.13 	226.40 	241.06 	215.52 	229.56 
A,EI_GDP_CLV10,KGOE_TEUR,EL	: 	: 	: 	: 	: 	173.23 	172.39 	172.12 	176.31 	170.84 	173.55 	169.89 	162.85 	158.04 	152.46 	151.26 	143.60 	139.13 	139.56 	138.93 	138.90 	150.32 	159.76 	145.08 	142.12 	142.51 	139.82 	144.06 	138.45 	135.63 	126.47 	122.96 	118.93 	112.54 	117.00 
A,EI_GDP_CLV10,KGOE_TEUR,ES	: 	: 	: 	: 	: 	146.87 	143.31 	148.23 	149.23 	149.31 	148.15 	146.92 	146.98 	147.64 	149.57 	147.92 	142.66 	139.98 	134.54 	129.14 	128.61 	129.05 	132.23 	124.87 	121.19 	120.45 	117.97 	119.63 	116.93 	111.97 	110.86 	110.28 	106.23 	100.87 	100.01 
A,EI_GDP_CLV10,KGOE_TEUR,EU27_2020	: 	: 	: 	: 	: 	176.95 	179.72 	174.28 	170.35 	163.86 	159.17 	159.84 	158.51 	160.99 	159.26 	156.97 	153.17 	146.86 	145.56 	142.85 	145.41 	138.60 	137.73 	136.23 	129.48 	128.21 	127.01 	126.14 	122.91 	118.78 	115.53 	115.13 	106.16 	101.59 	100.41 
A,EI_GDP_CLV10,KGOE_TEUR,FI	232.45 	249.97 	244.73 	258.13 	263.89 	240.26 	249.43 	243.59 	233.88 	223.93 	211.81 	210.98 	218.59 	225.65 	218.79 	196.75 	206.02 	192.42 	183.35 	185.69 	196.67 	184.98 	180.78 	179.67 	184.24 	175.47 	177.26 	173.90 	174.96 	169.25 	162.96 	166.31 	159.44 	163.86 	159.51 
A,EI_GDP_CLV10,KGOE_TEUR,FR	162.60 	169.57 	164.39 	167.60 	157.54 	160.38 	167.15 	158.31 	157.70 	152.57 	148.03 	149.80 	148.54 	150.73 	149.03 	146.83 	140.95 	136.27 	136.34 	134.87 	136.27 	130.73 	130.61 	130.17 	123.94 	124.51 	121.44 	118.96 	116.59 	113.07 	108.38 	109.46 	96.95 	98.90 	96.86 
A,EI_GDP_CLV10,KGOE_TEUR,HR	: 	: 	: 	: 	: 	253.95 	259.41 	249.41 	247.75 	255.99 	239.11 	241.30 	233.38 	236.59 	227.29 	221.69 	209.80 	207.59 	198.74 	205.34 	206.11 	202.12 	194.39 	190.87 	182.90 	186.47 	181.80 	182.28 	173.31 	170.36 	175.45 	163.17 	148.74 	149.04 	145.42 
A,EI_GDP_CLV10,KGOE_TEUR,HU	: 	: 	: 	: 	: 	371.01 	380.77 	362.70 	344.65 	332.06 	311.96 	306.77 	292.77 	287.59 	274.90 	284.25 	270.52 	263.85 	257.22 	262.31 	267.09 	256.85 	247.43 	234.17 	223.54 	228.14 	225.50 	226.22 	214.60 	204.23 	208.97 	204.11 	184.55 	175.37 	174.84 
A,EI_GDP_CLV10,KGOE_TEUR,IE	: 	: 	: 	: 	: 	135.60 	136.85 	132.09 	128.32 	120.59 	114.81 	114.92 	110.16 	102.54 	98.20 	94.90 	91.01 	89.43 	92.48 	92.98 	90.92 	82.32 	83.63 	77.77 	71.56 	60.76 	63.33 	57.04 	53.26 	50.89 	43.80 	39.03 	37.17 	37.45 	37.04 
A,EI_GDP_CLV10,KGOE_TEUR,IS	: 	: 	: 	: 	: 	382.45 	393.71 	369.04 	370.26 	398.94 	425.69 	393.13 	403.47 	395.41 	365.64 	350.22 	405.45 	439.99 	495.43 	551.17 	539.53 	567.38 	548.69 	545.10 	535.90 	494.73 	449.42 	458.76 	481.75 	456.11 	461.52 	448.27 	: 	: 	: 
A,EI_GDP_CLV10,KGOE_TEUR,IT	: 	: 	: 	: 	: 	115.54 	113.70 	113.23 	114.54 	113.97 	112.01 	110.09 	110.65 	116.03 	115.18 	116.45 	113.55 	111.75 	111.45 	109.77 	111.14 	106.61 	105.75 	103.62 	97.94 	100.83 	98.88 	100.63 	98.51 	97.09 	97.07 	96.78 	88.48 	83.81 	82.56 
A,EI_GDP_CLV10,KGOE_TEUR,LT	: 	: 	: 	: 	: 	613.20 	627.54 	545.61 	531.39 	460.46 	405.87 	435.28 	436.39 	411.49 	391.66 	345.27 	317.42 	308.37 	300.47 	325.58 	261.02 	254.53 	245.55 	222.36 	213.31 	212.98 	214.81 	214.91 	209.15 	198.87 	194.26 	190.10 	166.15 	165.69 	168.50 
A,EI_GDP_CLV10,KGOE_TEUR,LU	: 	: 	: 	: 	: 	138.41 	139.02 	130.25 	119.34 	116.26 	115.37 	118.06 	119.24 	122.46 	130.48 	129.91 	120.56 	109.40 	109.83 	106.90 	109.52 	106.65 	102.42 	96.59 	91.56 	88.60 	84.65 	86.33 	88.39 	86.80 	76.15 	75.78 	69.31 	66.30 	66.50 
A,EI_GDP_CLV10,KGOE_TEUR,LV	: 	: 	: 	: 	: 	517.74 	496.30 	440.66 	399.13 	356.54 	323.57 	340.48 	315.01 	306.79 	289.93 	268.64 	243.64 	225.20 	225.53 	262.23 	277.76 	253.61 	245.94 	237.26 	231.31 	220.49 	218.37 	215.87 	207.82 	211.07 	202.19 	198.16 	181.99 	181.29 	179.47 
A,EI_GDP_CLV10,KGOE_TEUR,ME	: 	: 	: 	: 	: 	: 	: 	: 	: 	: 	: 	: 	: 	: 	: 	: 	408.55 	379.83 	381.81 	317.08 	361.27 	351.44 	340.93 	306.19 	294.46 	297.95 	281.13 	281.33 	277.33 	275.91 	299.51 	283.18 	258.51 	: 	: 
A,EI_GDP_CLV10,KGOE_TEUR,MK	: 	: 	: 	: 	: 	: 	: 	: 	: 	: 	508.87 	506.07 	490.06 	522.34 	494.38 	500.00 	482.48 	473.76 	439.33 	409.65 	405.36 	429.21 	414.90 	373.35 	350.51 	331.74 	327.96 	331.36 	302.13 	321.03 	305.67 	301.45 	302.00 	: 	: 
A,EI_GDP_CLV10,KGOE_TEUR,MT	: 	: 	: 	: 	: 	: 	: 	: 	: 	: 	274.42 	304.27 	289.03 	323.96 	338.79 	273.03 	282.77 	286.93 	288.20 	313.72 	347.97 	327.68 	300.28 	269.79 	256.33 	253.61 	262.35 	278.19 	267.81 	266.56 	257.19 	210.88 	228.36 	216.55 	194.32 
A,EI_GDP_CLV10,KGOE_TEUR,NL	: 	: 	: 	: 	: 	190.98 	193.74 	183.18 	176.43 	167.02 	162.92 	164.71 	165.63 	168.87 	169.18 	165.59 	160.56 	154.72 	149.59 	149.98 	155.54 	145.90 	145.73 	142.38 	133.58 	131.54 	130.79 	128.74 	123.26 	118.38 	117.72 	113.30 	99.21 	96.29 	96.97 
A,EI_GDP_CLV10,KGOE_TEUR,NO	110.28 	109.24 	107.53 	111.05 	104.34 	101.54 	94.88 	95.71 	97.29 	99.62 	94.70 	98.69 	89.78 	95.57 	97.34 	97.69 	95.80 	88.00 	96.23 	96.28 	101.58 	87.99 	91.19 	94.56 	85.11 	75.35 	82.00 	84.41 	84.04 	79.17 	78.27 	78.05 	68.17 	: 	: 
A,EI_GDP_CLV10,KGOE_TEUR,PL	: 	: 	: 	: 	: 	520.12 	510.55 	473.68 	422.45 	393.52 	360.12 	358.19 	347.49 	344.45 	328.88 	322.55 	319.83 	298.28 	289.12 	270.16 	282.13 	268.09 	253.99 	254.07 	235.39 	227.99 	232.12 	231.10 	227.32 	209.67 	207.82 	206.92 	187.31 	175.55 	170.12 
A,EI_GDP_CLV10,KGOE_TEUR,PT	: 	: 	: 	: 	: 	154.95 	148.51 	149.63 	153.45 	159.93 	155.72 	152.66 	157.67 	155.62 	158.18 	160.44 	150.75 	146.73 	143.12 	145.11 	138.12 	137.62 	135.40 	137.19 	137.83 	140.97 	138.51 	140.33 	133.22 	129.74 	125.58 	119.60 	117.25 	110.74 	106.95 
A,EI_GDP_CLV10,KGOE_TEUR,RO	: 	: 	: 	: 	: 	545.34 	537.86 	530.71 	496.20 	439.56 	433.30 	414.45 	406.15 	413.51 	369.01 	346.65 	332.59 	308.16 	280.85 	260.69 	272.95 	266.72 	256.17 	232.90 	221.99 	216.91 	210.27 	204.95 	194.73 	185.25 	186.53 	187.94 	166.44 	158.25 	156.15 
A,EI_GDP_CLV10,KGOE_TEUR,RS	: 	: 	: 	: 	: 	773.41 	874.83 	863.75 	832.61 	666.75 	680.35 	693.95 	696.40 	701.36 	701.20 	589.15 	596.08 	544.79 	524.10 	486.33 	494.77 	507.18 	457.01 	454.49 	413.16 	450.10 	453.75 	453.34 	427.84 	407.13 	425.15 	401.57 	396.11 	: 	: 
A,EI_GDP_CLV10,KGOE_TEUR,SE	: 	: 	: 	201.62 	207.69 	201.87 	203.12 	193.21 	189.17 	178.33 	161.54 	169.00 	168.07 	162.78 	163.28 	155.28 	145.15 	139.89 	140.41 	133.29 	140.76 	136.82 	136.96 	133.10 	128.95 	118.24 	121.09 	122.46 	120.78 	115.30 	107.53 	107.32 	102.15 	100.30 	100.01 
A,EI_GDP_CLV10,KGOE_TEUR,SI	: 	: 	: 	: 	: 	267.84 	271.19 	268.04 	255.20 	241.97 	237.36 	245.37 	238.03 	234.38 	230.39 	230.57 	216.51 	205.07 	209.52 	199.01 	201.72 	200.39 	199.02 	195.82 	184.12 	178.70 	180.63 	177.50 	170.33 	161.10 	156.41 	148.19 	138.74 	129.26 	131.95 
A,EI_GDP_CLV10,KGOE_TEUR,SK	: 	: 	: 	: 	: 	489.62 	469.10 	445.14 	415.67 	419.69 	418.76 	424.47 	409.70 	388.65 	363.10 	349.19 	317.86 	274.70 	268.15 	259.34 	268.14 	253.45 	241.66 	242.07 	217.84 	216.36 	214.15 	218.94 	206.28 	195.76 	194.20 	198.85 	184.81 	178.95 	167.97 
A,EI_GDP_CLV10,KGOE_TEUR,TR	: 	: 	: 	: 	: 	: 	: 	: 	187.63 	191.32 	197.15 	191.86 	191.54 	191.86 	180.48 	172.55 	177.23 	181.91 	176.69 	185.38 	180.81 	173.74 	173.26 	155.46 	158.95 	161.85 	165.24 	165.50 	158.26 	159.07 	153.65 	150.64 	149.01 	: 	: 
A,EI_GDP_CLV10,KGOE_TEUR,UK	173.12 	180.35 	179.66 	177.13 	175.58 	168.68 	171.75 	159.65 	156.09 	151.46 	147.30 	143.92 	138.77 	136.84 	132.75 	129.80 	124.69 	117.87 	116.95 	113.03 	115.26 	105.95 	106.39 	102.44 	94.16 	93.56 	90.80 	88.13 	86.92 	84.15 	: 	: 	: 	: 	: 
A,EI_GDP_CLV10,KGOE_TEUR,XK	: 	: 	: 	: 	: 	: 	: 	: 	: 	: 	: 	: 	: 	: 	: 	: 	: 	: 	606.78 	640.10 	624.34 	592.85 	546.85 	503.57 	467.20 	502.21 	509.49 	461.76 	449.39 	442.92 	467.24 	457.19 	404.14 	: 	: 
A,EI_GDP_CLV15,KGOE_TEUR,AL	: 	: 	: 	: 	: 	305.51 	304.33 	291.61 	295.49 	361.07 	338.32 	318.94 	337.00 	312.72 	325.23 	309.89 	283.73 	252.28 	244.21 	239.73 	229.13 	233.11 	207.11 	241.81 	236.60 	216.16 	217.42 	219.15 	209.44 	204.16 	196.31 	: 	: 	: 	: 
A,EI_GDP_CLV15,KGOE_TEUR,AT	: 	: 	: 	: 	: 	113.41 	118.11 	114.80 	112.85 	108.59 	105.00 	109.32 	108.36 	112.76 	111.42 	113.18 	110.58 	104.74 	104.06 	102.47 	107.44 	101.35 	100.42 	101.85 	97.54 	98.64 	97.93 	97.48 	92.94 	93.36 	92.56 	93.32 	84.88 	83.69 	83.60 
A,EI_GDP_CLV15,KGOE_TEUR,BA	: 	: 	: 	: 	: 	: 	: 	: 	: 	: 	: 	: 	: 	: 	: 	: 	: 	: 	: 	: 	: 	: 	: 	: 	423.34 	418.03 	443.14 	428.42 	456.84 	429.30 	435.17 	420.37 	399.83 	: 	: 
A,EI_GDP_CLV15,KGOE_TEUR,BE	: 	: 	: 	: 	: 	201.62 	211.07 	206.20 	207.20 	198.27 	195.41 	191.41 	186.61 	193.89 	188.89 	183.35 	178.69 	172.28 	177.07 	166.42 	173.84 	158.35 	150.52 	155.67 	144.09 	143.20 	150.17 	149.81 	147.20 	144.40 	136.38 	142.45 	127.54 	117.36 	117.98 
A,EI_GDP_CLV15,KGOE_TEUR,BG	: 	: 	: 	: 	: 	775.18 	728.04 	762.08 	706.11 	699.47 	682.40 	687.00 	633.83 	618.60 	565.19 	558.68 	538.71 	495.54 	461.31 	420.91 	419.95 	440.20 	418.41 	391.45 	405.38 	409.80 	389.36 	392.24 	381.86 	364.12 	356.84 	360.17 	350.77 	305.57 	294.57 
A,EI_GDP_CLV15,KGOE_TEUR,CY	: 	: 	: 	: 	: 	178.88 	194.25 	185.94 	186.79 	183.19 	186.72 	181.30 	172.45 	180.99 	157.80 	166.19 	164.61 	161.82 	163.06 	160.66 	151.00 	148.59 	144.67 	138.15 	142.77 	141.65 	143.82 	139.78 	135.05 	127.60 	116.18 	108.51 	107.64 	103.36 	89.38 
A,EI_GDP_CLV15,KGOE_TEUR,CZ	: 	: 	: 	: 	: 	392.63 	387.43 	393.07 	382.17 	351.97 	355.95 	354.85 	354.30 	358.18 	350.71 	326.46 	313.12 	296.19 	283.33 	279.55 	288.83 	272.26 	272.01 	273.41 	258.58 	246.60 	238.15 	236.23 	230.66 	219.13 	217.31 	221.37 	210.81 	193.55 	188.63 
A,EI_GDP_CLV15,KGOE_TEUR,DE	: 	156.45 	150.44 	150.75 	146.32 	145.69 	148.96 	145.18 	141.33 	135.47 	132.49 	134.10 	131.50 	132.60 	132.04 	130.33 	129.31 	119.70 	120.10 	118.91 	120.09 	109.79 	110.19 	112.08 	105.01 	103.83 	102.31 	99.97 	96.49 	93.43 	90.12 	90.22 	84.45 	77.04 	76.23 
A,EI_GDP_CLV15,KGOE_TEUR,DK	103.86 	111.86 	105.59 	110.76 	109.67 	106.00 	114.89 	103.49 	99.98 	93.25 	87.62 	88.36 	85.90 	90.30 	84.93 	80.99 	84.28 	81.93 	79.63 	79.08 	82.03 	75.66 	71.97 	71.80 	67.81 	66.24 	65.64 	63.64 	62.78 	60.44 	56.36 	55.59 	54.09 	53.07 	52.96 
A,EI_GDP_CLV15,KGOE_TEUR,EE	: 	: 	: 	: 	: 	615.77 	612.02 	524.37 	464.38 	442.20 	381.97 	380.20 	333.01 	331.79 	338.15 	312.68 	287.10 	312.16 	290.45 	271.09 	349.06 	314.50 	289.42 	315.23 	285.98 	244.43 	290.52 	272.47 	253.88 	207.23 	200.41 	189.74 	202.02 	180.62 	192.38 
A,EI_GDP_CLV15,KGOE_TEUR,EL	: 	: 	: 	: 	: 	179.33 	178.46 	178.18 	182.52 	176.86 	179.66 	175.87 	168.58 	163.60 	157.82 	156.58 	148.65 	144.03 	144.47 	143.82 	143.79 	155.61 	165.38 	150.18 	147.12 	147.53 	144.74 	149.13 	143.33 	140.40 	130.92 	127.29 	123.12 	116.50 	121.12 
A,EI_GDP_CLV15,KGOE_TEUR,ES	: 	: 	: 	: 	: 	146.26 	142.71 	147.61 	148.61 	148.69 	147.53 	146.30 	146.37 	147.03 	148.95 	147.30 	142.06 	139.39 	133.98 	128.60 	128.08 	128.51 	131.68 	124.35 	120.69 	119.95 	117.48 	119.13 	116.44 	111.50 	110.39 	109.82 	105.79 	100.45 	99.59 
A,EI_GDP_CLV15,KGOE_TEUR,EU27_2020	: 	: 	: 	: 	: 	166.95 	169.56 	164.42 	160.72 	154.59 	150.17 	150.80 	149.55 	151.88 	150.25 	148.10 	144.51 	138.56 	137.33 	134.77 	137.19 	130.76 	129.95 	128.53 	122.16 	120.96 	119.83 	119.00 	115.96 	112.07 	109.00 	108.62 	100.16 	95.85 	94.74 
A,EI_GDP_CLV15,KGOE_TEUR,FI	207.72 	223.37 	218.69 	230.66 	235.81 	214.69 	222.89 	217.67 	208.99 	200.10 	189.27 	188.53 	195.33 	201.64 	195.51 	175.81 	184.09 	171.95 	163.84 	165.93 	175.74 	165.30 	161.54 	160.55 	164.63 	156.80 	158.40 	155.39 	156.34 	151.24 	145.62 	148.62 	142.48 	146.42 	142.54 
A,EI_GDP_CLV15,KGOE_TEUR,FR	155.66 	162.33 	157.37 	160.44 	150.81 	153.53 	160.00 	151.55 	150.96 	146.05 	141.70 	143.40 	142.19 	144.29 	142.66 	140.56 	134.93 	130.45 	130.52 	129.11 	130.45 	125.14 	125.03 	124.61 	118.65 	119.19 	116.25 	113.87 	111.61 	108.24 	103.75 	104.79 	92.81 	94.67 	92.73 
A,EI_GDP_CLV15,KGOE_TEUR,HR	: 	: 	: 	: 	: 	254.74 	260.22 	250.19 	248.52 	256.79 	239.86 	242.06 	234.11 	237.33 	228.00 	222.38 	210.45 	208.24 	199.36 	205.98 	206.75 	202.76 	194.99 	191.46 	183.47 	187.05 	182.37 	182.85 	173.85 	170.89 	176.00 	163.68 	149.20 	149.50 	145.87 
A,EI_GDP_CLV15,KGOE_TEUR,HU	: 	: 	: 	: 	: 	363.19 	372.74 	355.05 	337.39 	325.05 	305.38 	300.30 	286.59 	281.52 	269.11 	278.26 	264.82 	258.29 	251.80 	256.78 	261.46 	251.43 	242.22 	229.23 	218.82 	223.33 	220.75 	221.45 	210.07 	199.93 	204.56 	199.81 	180.66 	171.67 	171.15 
A,EI_GDP_CLV15,KGOE_TEUR,IE	: 	: 	: 	: 	: 	117.42 	118.51 	114.39 	111.12 	104.43 	99.42 	99.52 	95.40 	88.80 	85.04 	82.18 	78.82 	77.44 	80.09 	80.52 	78.73 	71.28 	72.42 	67.35 	61.97 	52.62 	54.84 	49.40 	46.13 	44.07 	37.93 	33.80 	32.19 	32.43 	32.07 
A,EI_GDP_CLV15,KGOE_TEUR,IS	: 	: 	: 	: 	: 	287.33 	295.79 	277.26 	278.17 	299.72 	319.82 	295.35 	303.12 	297.07 	274.70 	263.11 	304.61 	330.56 	372.20 	414.09 	405.34 	426.26 	412.22 	409.53 	402.61 	371.68 	337.65 	344.66 	361.93 	342.67 	346.74 	336.78 	: 	: 	: 
A,EI_GDP_CLV15,KGOE_TEUR,IT	: 	: 	: 	: 	: 	108.59 	106.87 	106.43 	107.65 	107.12 	105.27 	103.47 	104.00 	109.06 	108.25 	109.45 	106.73 	105.04 	104.75 	103.17 	104.46 	100.20 	99.40 	97.39 	92.05 	94.77 	92.94 	94.58 	92.59 	91.25 	91.23 	90.96 	83.16 	78.77 	77.60 
A,EI_GDP_CLV15,KGOE_TEUR,LT	: 	: 	: 	: 	: 	558.30 	571.35 	496.76 	483.82 	419.24 	369.53 	396.31 	397.32 	374.65 	356.59 	314.35 	289.00 	280.76 	273.57 	296.43 	237.65 	231.74 	223.56 	202.45 	194.21 	193.91 	195.58 	195.67 	190.42 	181.06 	176.86 	173.08 	151.27 	150.86 	153.41 
A,EI_GDP_CLV15,KGOE_TEUR,LU	: 	: 	: 	: 	: 	120.56 	121.09 	113.45 	103.95 	101.26 	100.49 	102.84 	103.86 	106.66 	113.65 	113.16 	105.01 	95.29 	95.66 	93.11 	95.40 	92.90 	89.21 	84.13 	79.75 	77.17 	73.73 	75.20 	76.99 	75.61 	66.33 	66.00 	60.37 	57.75 	57.92 
A,EI_GDP_CLV15,KGOE_TEUR,LV	: 	: 	: 	: 	: 	458.28 	439.31 	390.06 	353.29 	315.59 	286.41 	301.37 	278.84 	271.55 	256.63 	237.79 	215.66 	199.34 	199.63 	232.12 	245.86 	224.49 	217.70 	210.01 	204.74 	195.17 	193.29 	191.08 	183.96 	186.83 	178.97 	175.40 	161.09 	160.47 	158.86 
A,EI_GDP_CLV15,KGOE_TEUR,ME	: 	: 	: 	: 	: 	: 	: 	: 	: 	: 	: 	: 	: 	: 	: 	: 	382.29 	355.41 	357.26 	296.70 	338.04 	328.85 	319.01 	286.51 	275.52 	278.80 	263.06 	263.25 	259.50 	258.18 	280.25 	264.98 	241.89 	: 	: 
A,EI_GDP_CLV15,KGOE_TEUR,MK	: 	: 	: 	: 	: 	: 	: 	: 	: 	: 	449.94 	447.45 	433.30 	461.84 	437.12 	442.09 	426.60 	418.90 	388.45 	362.21 	358.41 	379.50 	366.84 	330.11 	309.91 	293.32 	289.97 	292.98 	267.13 	283.84 	270.27 	266.54 	267.02 	: 	: 
A,EI_GDP_CLV15,KGOE_TEUR,MT	: 	: 	: 	: 	: 	: 	: 	: 	: 	: 	242.91 	269.33 	255.83 	286.75 	299.88 	241.67 	250.29 	253.98 	255.11 	277.69 	308.01 	290.05 	265.79 	238.80 	226.90 	224.48 	232.22 	246.24 	237.06 	235.94 	227.65 	186.66 	202.13 	191.68 	172.00 
A,EI_GDP_CLV15,KGOE_TEUR,NL	: 	: 	: 	: 	: 	183.62 	186.27 	176.12 	169.64 	160.59 	156.64 	158.36 	159.25 	162.36 	162.66 	159.21 	154.37 	148.76 	143.83 	144.20 	149.54 	140.27 	140.11 	136.90 	128.43 	126.47 	125.75 	123.78 	118.51 	113.82 	113.19 	108.94 	95.39 	92.58 	93.24 
A,EI_GDP_CLV15,KGOE_TEUR,NO	111.91 	110.86 	109.12 	112.70 	105.88 	103.04 	96.29 	97.13 	98.73 	101.10 	96.10 	100.15 	91.11 	96.99 	98.78 	99.14 	97.22 	89.31 	97.65 	97.70 	103.08 	89.29 	92.54 	95.96 	86.37 	76.47 	83.21 	85.66 	85.28 	80.34 	79.43 	79.21 	69.18 	: 	: 
A,EI_GDP_CLV15,KGOE_TEUR,PL	: 	: 	: 	: 	: 	506.71 	497.39 	461.48 	411.57 	383.38 	350.83 	348.96 	338.53 	335.57 	320.40 	314.24 	311.59 	290.59 	281.67 	263.20 	274.86 	261.18 	247.44 	247.52 	229.32 	222.11 	226.14 	225.14 	221.46 	204.27 	202.46 	201.59 	182.49 	171.02 	165.74 
A,EI_GDP_CLV15,KGOE_TEUR,PT	: 	: 	: 	: 	: 	148.46 	142.30 	143.37 	147.03 	153.24 	149.20 	146.27 	151.07 	149.10 	151.56 	153.72 	144.44 	140.59 	137.13 	139.03 	132.34 	131.86 	129.73 	131.44 	132.06 	135.07 	132.71 	134.46 	127.65 	124.31 	120.32 	114.59 	112.34 	106.10 	102.48 
A,EI_GDP_CLV15,KGOE_TEUR,RO	: 	: 	: 	: 	: 	500.64 	493.77 	487.20 	455.52 	403.52 	397.78 	380.48 	372.86 	379.62 	338.76 	318.23 	305.33 	282.90 	257.83 	239.32 	250.57 	244.86 	235.17 	213.81 	203.79 	199.13 	193.04 	188.15 	178.77 	170.06 	171.24 	172.53 	152.80 	145.27 	143.35 
A,EI_GDP_CLV15,KGOE_TEUR,RS	: 	: 	: 	: 	: 	713.15 	806.66 	796.45 	767.73 	614.80 	627.34 	639.87 	642.14 	646.71 	646.56 	543.24 	549.64 	502.34 	483.26 	448.44 	456.21 	467.66 	421.40 	419.08 	380.97 	415.03 	418.39 	418.01 	394.50 	375.41 	392.02 	370.28 	365.24 	: 	: 
A,EI_GDP_CLV15,KGOE_TEUR,SE	: 	: 	: 	184.16 	189.71 	184.39 	185.54 	176.48 	172.79 	162.89 	147.55 	154.37 	153.52 	148.69 	149.14 	141.83 	132.58 	127.78 	128.25 	121.75 	128.58 	124.97 	125.10 	121.58 	117.79 	108.00 	110.61 	111.86 	110.33 	105.32 	98.22 	98.03 	93.30 	91.62 	91.35 
A,EI_GDP_CLV15,KGOE_TEUR,SI	: 	: 	: 	: 	: 	255.80 	259.00 	255.99 	243.73 	231.09 	226.69 	234.34 	227.33 	223.84 	220.04 	220.21 	206.77 	195.86 	200.10 	190.07 	192.66 	191.39 	190.07 	187.02 	175.85 	170.66 	172.51 	169.52 	162.67 	153.86 	149.38 	141.53 	132.50 	123.45 	126.01 
A,EI_GDP_CLV15,KGOE_TEUR,SK	: 	: 	: 	: 	: 	474.43 	454.55 	431.34 	402.78 	406.67 	405.77 	411.30 	396.99 	376.60 	351.84 	338.36 	308.01 	266.18 	259.83 	251.30 	259.82 	245.59 	234.17 	234.56 	211.08 	209.64 	207.51 	212.15 	199.88 	189.69 	188.18 	192.68 	179.08 	173.40 	162.76 
A,EI_GDP_CLV15,KGOE_TEUR,TR	: 	: 	: 	: 	: 	: 	: 	: 	198.74 	202.65 	208.83 	203.22 	202.88 	203.22 	191.17 	182.77 	187.73 	192.69 	187.16 	196.36 	191.52 	184.03 	183.52 	164.67 	168.36 	171.44 	175.03 	175.30 	167.64 	168.49 	162.75 	159.57 	157.84 	: 	: 
A,EI_GDP_CLV15,KGOE_TEUR,UK	135.30 	140.96 	140.42 	138.44 	137.23 	131.98 	134.38 	124.91 	122.13 	118.50 	115.25 	112.60 	108.58 	107.06 	103.86 	101.56 	97.56 	92.22 	91.51 	88.43 	90.18 	82.90 	83.24 	80.15 	73.68 	73.20 	71.04 	68.95 	68.01 	65.84 	: 	: 	: 	: 	: 
A,EI_GDP_CLV15,KGOE_TEUR,XK	: 	: 	: 	: 	: 	: 	: 	: 	: 	: 	: 	: 	: 	: 	: 	: 	: 	: 	537.50 	567.00 	553.05 	525.15 	484.41 	446.06 	413.85 	444.87 	451.30 	409.03 	398.07 	392.34 	413.88 	404.99 	357.99 	: 	: 
A,EI_GDP_PPS,KGOE_TEUR_PPS,AL	: 	: 	: 	: 	: 	: 	: 	169.28 	169.93 	204.42 	186.47 	173.14 	178.70 	163.49 	166.77 	155.61 	139.73 	120.42 	113.73 	111.46 	101.40 	101.62 	89.75 	108.03 	101.92 	91.89 	95.55 	95.71 	91.41 	87.96 	84.63 	80.71 	66.62 	: 	: 
A,EI_GDP_PPS,KGOE_TEUR_PPS,AT	: 	: 	: 	: 	: 	173.77 	176.43 	171.07 	166.71 	159.56 	150.40 	156.78 	151.30 	153.23 	147.87 	146.78 	141.19 	132.92 	129.74 	127.41 	131.89 	122.51 	117.43 	117.36 	111.20 	109.58 	107.58 	106.98 	100.23 	99.80 	96.92 	95.01 	81.42 	75.97 	73.86 
A,EI_GDP_PPS,KGOE_TEUR_PPS,BA	: 	: 	: 	: 	: 	: 	: 	: 	: 	: 	: 	: 	: 	: 	: 	: 	: 	: 	: 	: 	: 	: 	: 	: 	210.40 	206.37 	217.48 	210.48 	219.15 	202.30 	206.03 	194.32 	173.43 	: 	: 
A,EI_GDP_PPS,KGOE_TEUR_PPS,BE	: 	: 	: 	: 	: 	304.61 	314.53 	308.79 	309.16 	291.45 	273.73 	261.62 	247.95 	253.35 	246.79 	234.99 	226.19 	216.55 	219.20 	205.96 	207.74 	186.84 	173.29 	177.29 	162.67 	159.32 	165.70 	162.80 	157.41 	151.77 	139.79 	143.14 	120.21 	104.78 	102.80 
A,EI_GDP_PPS,KGOE_TEUR_PPS,BG	: 	: 	: 	: 	: 	433.79 	481.38 	525.16 	475.87 	459.89 	428.96 	423.54 	381.61 	364.88 	328.90 	312.77 	301.66 	267.10 	241.64 	222.94 	215.13 	223.53 	209.55 	196.72 	196.85 	197.78 	184.91 	182.33 	173.48 	162.79 	155.51 	150.75 	135.29 	111.10 	101.51 
A,EI_GDP_PPS,KGOE_TEUR_PPS,CY	: 	: 	: 	: 	: 	219.07 	231.27 	220.98 	221.78 	214.52 	212.98 	198.70 	189.96 	195.79 	166.37 	168.82 	164.10 	152.53 	149.25 	148.14 	139.99 	137.39 	134.32 	128.81 	134.37 	130.64 	129.59 	124.64 	120.21 	112.21 	103.58 	95.02 	88.52 	79.87 	67.16 
A,EI_GDP_PPS,KGOE_TEUR_PPS,CZ	: 	: 	: 	: 	: 	346.95 	333.21 	337.72 	325.85 	294.79 	296.81 	282.83 	279.99 	273.22 	262.93 	246.17 	239.15 	217.54 	202.58 	196.07 	203.64 	190.73 	189.07 	184.59 	170.07 	162.66 	155.73 	151.80 	145.41 	135.63 	131.59 	133.41 	120.98 	101.94 	95.53 
A,EI_GDP_PPS,KGOE_TEUR_PPS,DE	: 	: 	: 	: 	: 	212.39 	211.41 	208.09 	201.43 	188.25 	183.71 	181.36 	173.78 	169.39 	163.67 	159.87 	158.02 	142.86 	141.56 	139.62 	138.70 	124.64 	124.21 	124.72 	114.62 	112.36 	109.47 	105.49 	99.99 	96.57 	91.78 	89.59 	79.21 	68.08 	65.17 
A,EI_GDP_PPS,KGOE_TEUR_PPS,DK	: 	: 	: 	: 	: 	218.16 	228.57 	204.21 	195.10 	180.03 	163.64 	161.96 	152.93 	159.74 	144.68 	135.49 	137.60 	129.50 	119.58 	118.07 	116.29 	106.47 	101.10 	99.49 	93.34 	90.24 	89.31 	84.08 	82.24 	79.01 	71.02 	67.26 	59.72 	59.43 	57.85 
A,EI_GDP_PPS,KGOE_TEUR_PPS,EE	: 	: 	: 	: 	: 	733.46 	721.45 	618.21 	547.62 	517.83 	440.11 	428.15 	360.07 	344.43 	342.44 	304.05 	273.09 	281.59 	246.88 	225.49 	281.81 	244.11 	221.57 	237.74 	212.97 	182.75 	215.50 	199.67 	181.04 	145.63 	138.68 	130.70 	128.26 	107.48 	109.62 
A,EI_GDP_PPS,KGOE_TEUR_PPS,EL	: 	: 	: 	: 	: 	201.13 	192.58 	190.46 	192.50 	186.45 	186.49 	176.75 	164.79 	159.32 	152.07 	150.77 	139.34 	136.40 	131.87 	131.10 	132.50 	142.46 	147.18 	128.60 	125.22 	124.97 	123.24 	125.21 	120.03 	117.12 	109.38 	103.17 	93.75 	82.94 	83.81 
A,EI_GDP_PPS,KGOE_TEUR_PPS,ES	: 	: 	: 	: 	: 	195.54 	184.80 	189.28 	186.73 	185.13 	178.82 	172.65 	166.37 	164.09 	162.18 	154.24 	140.85 	133.70 	126.50 	123.24 	123.53 	123.84 	124.88 	116.64 	112.14 	110.90 	108.28 	107.65 	105.50 	99.30 	99.32 	93.65 	84.87 	74.91 	72.16 
A,EI_GDP_PPS,KGOE_TEUR_PPS,EU27_2020	: 	: 	: 	: 	: 	234.08 	231.14 	224.00 	216.28 	204.82 	195.12 	191.00 	184.70 	184.24 	178.69 	171.98 	164.16 	152.87 	147.68 	145.07 	145.41 	136.80 	134.17 	131.19 	123.79 	120.96 	118.94 	116.55 	111.99 	106.40 	101.64 	98.89 	86.37 	77.79 	74.43 
A,EI_GDP_PPS,KGOE_TEUR_PPS,FI	: 	: 	: 	: 	: 	352.97 	364.89 	352.62 	330.97 	312.76 	290.42 	286.37 	295.43 	305.08 	287.01 	256.72 	266.98 	239.69 	220.09 	221.18 	233.99 	217.27 	210.56 	208.04 	211.78 	197.96 	200.75 	193.66 	191.31 	184.04 	172.29 	169.33 	153.67 	149.73 	142.18 
A,EI_GDP_PPS,KGOE_TEUR_PPS,FR	: 	: 	: 	: 	: 	234.52 	237.55 	223.11 	219.72 	209.24 	196.62 	192.05 	186.11 	191.22 	188.00 	177.61 	168.12 	158.77 	156.79 	155.77 	153.87 	146.35 	146.48 	142.52 	135.20 	134.06 	129.87 	126.28 	121.75 	113.56 	105.64 	107.23 	92.54 	88.66 	84.79 
A,EI_GDP_PPS,KGOE_TEUR_PPS,HR	: 	: 	: 	: 	: 	246.15 	244.45 	234.49 	231.07 	235.44 	214.28 	212.96 	200.61 	199.92 	187.39 	180.59 	162.07 	152.89 	141.40 	144.64 	144.72 	137.34 	128.34 	124.87 	119.28 	120.01 	116.60 	114.81 	107.94 	103.79 	105.37 	95.42 	84.09 	76.53 	74.53 
A,EI_GDP_PPS,KGOE_TEUR_PPS,HU	: 	: 	: 	: 	: 	326.50 	326.23 	309.59 	291.10 	276.01 	250.59 	231.53 	213.21 	204.87 	196.96 	201.89 	191.76 	182.08 	168.42 	165.05 	161.93 	152.54 	145.71 	136.49 	131.03 	132.81 	133.58 	134.21 	125.78 	118.89 	118.92 	114.60 	97.59 	86.38 	83.83 
A,EI_GDP_PPS,KGOE_TEUR_PPS,IE	: 	: 	: 	: 	: 	191.11 	187.84 	182.60 	173.20 	164.36 	152.10 	146.86 	136.89 	125.16 	118.32 	112.96 	104.35 	99.87 	104.16 	107.65 	102.04 	90.16 	89.32 	82.65 	77.13 	59.25 	62.63 	56.23 	52.55 	50.76 	44.34 	37.97 	33.27 	32.82 	31.00 
A,EI_GDP_PPS,KGOE_TEUR_PPS,IS	: 	: 	: 	: 	: 	441.49 	451.73 	414.77 	415.89 	445.66 	491.68 	436.89 	441.23 	436.69 	398.11 	379.22 	441.60 	488.46 	532.41 	585.05 	585.20 	616.63 	589.54 	587.04 	564.28 	501.76 	455.00 	459.51 	485.50 	451.45 	460.94 	423.65 	: 	: 	: 
A,EI_GDP_PPS,KGOE_TEUR_PPS,IT	: 	: 	: 	: 	: 	153.13 	146.62 	145.39 	143.67 	141.42 	137.20 	133.11 	131.92 	135.49 	134.60 	133.49 	126.25 	120.08 	115.23 	112.77 	113.53 	106.69 	103.50 	101.17 	95.73 	97.36 	92.57 	93.17 	90.26 	87.22 	85.37 	83.24 	72.05 	64.38 	61.85 
A,EI_GDP_PPS,KGOE_TEUR_PPS,LT	: 	: 	: 	: 	: 	495.52 	493.17 	428.26 	413.66 	352.77 	302.33 	312.77 	306.84 	279.64 	265.84 	230.98 	210.70 	199.36 	188.84 	206.63 	155.32 	146.14 	139.02 	125.10 	119.93 	120.24 	122.24 	119.97 	115.18 	107.84 	105.50 	98.97 	81.75 	76.64 	75.87 
A,EI_GDP_PPS,KGOE_TEUR_PPS,LU	: 	: 	: 	: 	: 	253.44 	242.94 	224.34 	209.01 	192.14 	183.00 	187.96 	187.65 	189.81 	194.34 	183.22 	159.39 	143.65 	134.46 	133.75 	133.95 	125.22 	117.73 	109.64 	100.56 	94.58 	91.43 	91.94 	93.69 	92.89 	80.71 	75.61 	65.06 	58.58 	56.37 
A,EI_GDP_PPS,KGOE_TEUR_PPS,LV	: 	: 	: 	: 	: 	430.18 	399.74 	354.11 	318.22 	280.30 	251.11 	253.04 	233.86 	229.88 	215.59 	198.16 	187.24 	168.68 	155.60 	178.56 	177.24 	160.68 	155.20 	148.26 	142.68 	135.06 	134.01 	130.45 	123.99 	123.27 	114.93 	107.91 	95.22 	86.41 	83.56 
A,EI_GDP_PPS,KGOE_TEUR_PPS,ME	: 	: 	: 	: 	: 	: 	: 	: 	: 	: 	: 	: 	: 	: 	: 	: 	225.31 	188.81 	186.41 	158.67 	176.63 	169.56 	168.41 	149.26 	142.19 	139.48 	125.81 	123.27 	118.36 	113.91 	122.66 	114.19 	97.83 	: 	: 
A,EI_GDP_PPS,KGOE_TEUR_PPS,MK	: 	: 	: 	: 	: 	: 	: 	: 	: 	: 	260.60 	255.25 	241.44 	253.83 	231.73 	223.27 	210.43 	205.50 	181.46 	165.27 	163.09 	174.14 	165.69 	146.79 	136.01 	128.75 	124.16 	123.48 	109.62 	116.00 	109.74 	103.28 	99.71 	: 	: 
A,EI_GDP_PPS,KGOE_TEUR_PPS,MT	: 	: 	: 	: 	: 	189.51 	168.18 	202.11 	154.46 	158.42 	248.59 	269.13 	248.46 	268.78 	271.89 	216.81 	225.77 	224.21 	223.03 	243.07 	263.20 	248.78 	227.38 	203.60 	193.41 	187.23 	190.85 	201.55 	193.18 	187.85 	179.09 	145.85 	153.50 	138.54 	120.55 
A,EI_GDP_PPS,KGOE_TEUR_PPS,NL	: 	: 	: 	: 	: 	285.47 	281.64 	263.63 	249.41 	232.16 	216.72 	214.07 	208.33 	212.99 	207.85 	196.67 	186.14 	174.59 	165.30 	169.65 	175.51 	163.29 	160.17 	153.25 	146.22 	142.47 	143.19 	138.17 	129.79 	124.62 	120.14 	111.75 	92.05 	85.10 	80.81 
A,EI_GDP_PPS,KGOE_TEUR_PPS,NO	: 	: 	: 	: 	: 	265.67 	232.85 	233.58 	247.22 	235.69 	191.25 	198.59 	182.85 	191.87 	184.07 	167.21 	151.48 	138.12 	138.00 	153.33 	153.47 	125.62 	126.47 	130.73 	121.45 	118.05 	136.61 	132.67 	123.20 	120.38 	125.70 	98.72 	64.21 	: 	: 
A,EI_GDP_PPS,KGOE_TEUR_PPS,PL	: 	: 	: 	: 	: 	400.79 	382.66 	354.17 	312.87 	286.93 	262.71 	254.69 	240.05 	236.35 	219.19 	213.25 	212.14 	192.26 	181.31 	170.01 	168.42 	157.41 	146.84 	147.02 	136.91 	130.32 	134.71 	134.05 	132.37 	120.04 	116.18 	113.51 	98.50 	88.44 	83.29 
A,EI_GDP_PPS,KGOE_TEUR_PPS,PT	: 	: 	: 	: 	: 	175.38 	165.39 	165.76 	168.65 	170.30 	161.38 	155.37 	155.79 	147.92 	148.96 	143.29 	129.55 	124.58 	119.53 	121.47 	113.71 	115.37 	111.71 	109.15 	108.75 	109.88 	107.18 	108.97 	102.09 	98.14 	93.36 	86.90 	79.92 	69.05 	63.73 
A,EI_GDP_PPS,KGOE_TEUR_PPS,RO	: 	: 	: 	: 	: 	453.69 	435.46 	428.76 	397.14 	346.25 	337.07 	309.67 	300.30 	298.11 	249.68 	230.71 	205.91 	176.33 	148.38 	136.04 	131.65 	126.67 	119.29 	112.42 	107.55 	103.59 	97.28 	92.58 	86.63 	78.94 	76.68 	74.98 	63.05 	54.88 	51.73 
A,EI_GDP_PPS,KGOE_TEUR_PPS,RS	: 	: 	: 	: 	: 	: 	: 	: 	: 	: 	361.11 	367.44 	355.79 	353.61 	349.73 	286.85 	283.76 	253.52 	234.23 	219.84 	221.02 	220.33 	197.26 	197.67 	178.54 	194.80 	198.76 	196.79 	185.31 	173.57 	180.60 	167.02 	158.57 	: 	: 
A,EI_GDP_PPS,KGOE_TEUR_PPS,SE	: 	: 	: 	: 	: 	301.63 	293.56 	281.12 	276.33 	254.33 	224.67 	235.92 	233.41 	223.30 	219.65 	210.90 	191.88 	176.15 	172.23 	166.77 	175.99 	168.37 	164.88 	161.22 	156.79 	142.19 	147.74 	148.31 	144.63 	136.08 	124.72 	120.33 	110.75 	103.28 	99.52 
A,EI_GDP_PPS,KGOE_TEUR_PPS,SI	: 	: 	: 	: 	: 	268.08 	263.74 	260.30 	245.54 	229.30 	221.99 	225.39 	213.63 	207.13 	197.96 	195.44 	184.82 	174.88 	174.93 	169.24 	170.02 	165.53 	160.32 	155.27 	146.31 	141.30 	142.06 	137.71 	130.42 	120.49 	115.12 	107.42 	94.33 	81.81 	81.73 
A,EI_GDP_PPS,KGOE_TEUR_PPS,SK	: 	: 	: 	: 	: 	449.42 	418.03 	396.38 	366.76 	364.53 	348.43 	335.91 	318.18 	298.30 	274.25 	256.41 	229.52 	197.07 	184.48 	177.86 	177.88 	169.49 	160.33 	159.09 	142.69 	143.32 	150.91 	158.26 	150.67 	141.18 	133.51 	133.60 	118.93 	106.50 	96.88 
A,EI_GDP_PPS,KGOE_TEUR_PPS,TR	: 	: 	: 	: 	: 	: 	: 	: 	153.89 	154.40 	153.60 	144.50 	150.86 	152.44 	137.85 	129.36 	126.24 	124.21 	113.26 	119.05 	110.14 	104.29 	103.12 	93.49 	92.50 	91.63 	95.60 	97.29 	95.41 	98.82 	97.27 	96.71 	83.78 	: 	: 
A,EI_GDP_PPS,KGOE_TEUR_PPS,UK	: 	: 	: 	: 	: 	226.16 	218.59 	204.72 	202.60 	195.31 	182.16 	174.13 	164.93 	160.00 	150.36 	146.93 	139.22 	131.37 	127.30 	125.91 	124.67 	114.62 	113.53 	108.98 	99.60 	97.16 	95.02 	90.95 	88.72 	84.94 	: 	: 	: 	: 	: 
